DELETE FROM points_ledger WHERE tenant_id='clinica-qa2' AND lead_id LIKE 'sc_q2_%';
DELETE FROM treatments_log WHERE tenant_id='clinica-qa2' AND lead_id LIKE 'sc_q2_%';
DELETE FROM appointments WHERE tenant_id='clinica-qa2' AND lead_id LIKE 'sc_q2_%';
DELETE FROM bonos WHERE tenant_id='clinica-qa2' AND lead_id LIKE 'sc_q2_%';
DELETE FROM leads WHERE tenant_id='clinica-qa2' AND source='seed-prueba';
INSERT INTO leads (id,tenant_id,name,phone,treatment,quiz_score,temperature,status,source,created_at,call_priority,recover_state,tags,chatted) VALUES ('sc_q2_00','clinica-qa2','María García','630000000','Aumento de labios',40,'hot','new','seed-prueba','2026-06-09T18:41:01.529Z','none',NULL,'VIP',0);
INSERT INTO leads (id,tenant_id,name,phone,treatment,quiz_score,temperature,status,source,created_at,call_priority,recover_state,tags,chatted) VALUES ('sc_q2_01','clinica-qa2','Laura Fernández','630000317','Botox (1 zona)',47,'warm','new','seed-prueba','2026-06-08T18:41:01.529Z','none',NULL,'',0);
INSERT INTO leads (id,tenant_id,name,phone,treatment,quiz_score,temperature,status,source,created_at,call_priority,recover_state,tags,chatted) VALUES ('sc_q2_02','clinica-qa2','Carmen Ruiz','630000634','Láser facial',54,'cold','whatsapp','seed-prueba','2026-06-07T18:41:01.529Z','none',NULL,'',1);
INSERT INTO leads (id,tenant_id,name,phone,treatment,quiz_score,temperature,status,source,created_at,call_priority,recover_state,tags,chatted) VALUES ('sc_q2_03','clinica-qa2','Ana Martín','630000951','Peeling químico',61,'hot','booked','seed-prueba','2026-06-06T18:41:01.529Z','none',NULL,'',1);
INSERT INTO leads (id,tenant_id,name,phone,treatment,quiz_score,temperature,status,source,created_at,call_priority,recover_state,tags,chatted) VALUES ('sc_q2_04','clinica-qa2','Lucía López','630001268','Rinomodelación',68,'warm','booked','seed-prueba','2026-06-05T18:41:01.529Z','none',NULL,'',1);
INSERT INTO leads (id,tenant_id,name,phone,treatment,quiz_score,temperature,status,source,created_at,call_priority,recover_state,tags,chatted) VALUES ('sc_q2_05','clinica-qa2','Paula Sánchez','630001585','Mesoterapia facial',75,'cold','attended','seed-prueba','2026-06-04T18:41:01.529Z','none',NULL,'',1);
INSERT INTO leads (id,tenant_id,name,phone,treatment,quiz_score,temperature,status,source,created_at,call_priority,recover_state,tags,chatted) VALUES ('sc_q2_06','clinica-qa2','Sara Gómez','630001902','Aumento de labios',82,'hot','client','seed-prueba','2026-06-03T18:41:01.529Z','none',NULL,'',1);
INSERT INTO leads (id,tenant_id,name,phone,treatment,quiz_score,temperature,status,source,created_at,call_priority,recover_state,tags,chatted) VALUES ('sc_q2_07','clinica-qa2','Marta Díaz','630002219','Botox (1 zona)',89,'warm','client','seed-prueba','2026-06-02T18:41:01.529Z','none',NULL,'Recurrente',1);
INSERT INTO leads (id,tenant_id,name,phone,treatment,quiz_score,temperature,status,source,created_at,call_priority,recover_state,tags,chatted) VALUES ('sc_q2_08','clinica-qa2','Elena Moreno','630002536','Láser facial',96,'cold','client','seed-prueba','2026-06-01T18:41:01.529Z','none',NULL,'',1);
INSERT INTO leads (id,tenant_id,name,phone,treatment,quiz_score,temperature,status,source,created_at,call_priority,recover_state,tags,chatted) VALUES ('sc_q2_09','clinica-qa2','Cristina Jiménez','630002853','Peeling químico',43,'hot','lost','seed-prueba','2026-05-31T18:41:01.529Z','none',NULL,'VIP',1);
INSERT INTO leads (id,tenant_id,name,phone,treatment,quiz_score,temperature,status,source,created_at,call_priority,recover_state,tags,chatted) VALUES ('sc_q2_10','clinica-qa2','Sofía Álvarez','630003170','Rinomodelación',50,'warm','noshow','seed-prueba','2026-05-30T18:41:01.529Z','urgent','noshow','',1);
INSERT INTO leads (id,tenant_id,name,phone,treatment,quiz_score,temperature,status,source,created_at,call_priority,recover_state,tags,chatted) VALUES ('sc_q2_11','clinica-qa2','Natalia Romero','630003487','Mesoterapia facial',57,'cold','new','seed-prueba','2026-05-29T18:41:01.529Z','none',NULL,'',0);
INSERT INTO leads (id,tenant_id,name,phone,treatment,quiz_score,temperature,status,source,created_at,call_priority,recover_state,tags,chatted) VALUES ('sc_q2_12','clinica-qa2','Andrea Navarro','630003804','Aumento de labios',64,'hot','new','seed-prueba','2026-05-28T18:41:01.529Z','none',NULL,'',0);
INSERT INTO leads (id,tenant_id,name,phone,treatment,quiz_score,temperature,status,source,created_at,call_priority,recover_state,tags,chatted) VALUES ('sc_q2_13','clinica-qa2','Beatriz Torres','630004121','Botox (1 zona)',71,'warm','whatsapp','seed-prueba','2026-05-27T18:41:01.529Z','none',NULL,'',1);
INSERT INTO leads (id,tenant_id,name,phone,treatment,quiz_score,temperature,status,source,created_at,call_priority,recover_state,tags,chatted) VALUES ('sc_q2_14','clinica-qa2','Raquel Ramos','630004438','Láser facial',78,'cold','booked','seed-prueba','2026-05-26T18:41:01.529Z','none',NULL,'Recurrente',1);
INSERT INTO leads (id,tenant_id,name,phone,treatment,quiz_score,temperature,status,source,created_at,call_priority,recover_state,tags,chatted) VALUES ('sc_q2_15','clinica-qa2','Patricia Gil','630004755','Peeling químico',85,'hot','booked','seed-prueba','2026-05-25T18:41:01.529Z','none',NULL,'',1);
INSERT INTO leads (id,tenant_id,name,phone,treatment,quiz_score,temperature,status,source,created_at,call_priority,recover_state,tags,chatted) VALUES ('sc_q2_16','clinica-qa2','Nuria Serrano','630005072','Rinomodelación',92,'warm','attended','seed-prueba','2026-05-24T18:41:01.529Z','none',NULL,'',1);
INSERT INTO leads (id,tenant_id,name,phone,treatment,quiz_score,temperature,status,source,created_at,call_priority,recover_state,tags,chatted) VALUES ('sc_q2_17','clinica-qa2','Silvia Castro','630005389','Mesoterapia facial',99,'cold','client','seed-prueba','2026-05-23T18:41:01.529Z','none',NULL,'',1);
INSERT INTO leads (id,tenant_id,name,phone,treatment,quiz_score,temperature,status,source,created_at,call_priority,recover_state,tags,chatted) VALUES ('sc_q2_18','clinica-qa2','Eva Ortega','630005706','Aumento de labios',46,'hot','client','seed-prueba','2026-05-22T18:41:01.529Z','none',NULL,'VIP',1);
INSERT INTO leads (id,tenant_id,name,phone,treatment,quiz_score,temperature,status,source,created_at,call_priority,recover_state,tags,chatted) VALUES ('sc_q2_19','clinica-qa2','Rocío Rubio','630006023','Botox (1 zona)',53,'warm','client','seed-prueba','2026-05-21T18:41:01.529Z','none',NULL,'',1);
INSERT INTO leads (id,tenant_id,name,phone,treatment,quiz_score,temperature,status,source,created_at,call_priority,recover_state,tags,chatted) VALUES ('sc_q2_20','clinica-qa2','Alba Molina','630006340','Láser facial',60,'cold','lost','seed-prueba','2026-05-20T18:41:01.529Z','none',NULL,'',1);
INSERT INTO leads (id,tenant_id,name,phone,treatment,quiz_score,temperature,status,source,created_at,call_priority,recover_state,tags,chatted) VALUES ('sc_q2_21','clinica-qa2','Irene Delgado','630006657','Peeling químico',67,'hot','noshow','seed-prueba','2026-05-19T18:41:01.529Z','urgent','noshow','Recurrente',1);
INSERT INTO leads (id,tenant_id,name,phone,treatment,quiz_score,temperature,status,source,created_at,call_priority,recover_state,tags,chatted) VALUES ('sc_q2_22','clinica-qa2','Marina Suárez','630006974','Rinomodelación',74,'warm','new','seed-prueba','2026-05-18T18:41:01.529Z','none',NULL,'',0);
INSERT INTO leads (id,tenant_id,name,phone,treatment,quiz_score,temperature,status,source,created_at,call_priority,recover_state,tags,chatted) VALUES ('sc_q2_23','clinica-qa2','Clara Ortiz','630007291','Mesoterapia facial',81,'cold','new','seed-prueba','2026-05-17T18:41:01.529Z','none',NULL,'',0);
INSERT INTO appointments (id,tenant_id,lead_id,treatment,date_iso,duration_min,status,confirmed,created_at) VALUES ('ap_q2_0','clinica-qa2','sc_q2_00','Aumento de labios','2026-06-10T10:00',30,'attended',0,'2026-06-08T18:41:01.529Z');
INSERT INTO appointments (id,tenant_id,lead_id,treatment,date_iso,duration_min,status,confirmed,created_at) VALUES ('ap_q2_1','clinica-qa2','sc_q2_01','Botox (1 zona)','2026-06-10T10:30',30,'attended',1,'2026-06-08T18:41:01.529Z');
INSERT INTO appointments (id,tenant_id,lead_id,treatment,date_iso,duration_min,status,confirmed,created_at) VALUES ('ap_q2_2','clinica-qa2','sc_q2_02','Láser facial','2026-06-10T11:30',30,'attended',0,'2026-06-08T18:41:01.529Z');
INSERT INTO appointments (id,tenant_id,lead_id,treatment,date_iso,duration_min,status,confirmed,created_at) VALUES ('ap_q2_3','clinica-qa2','sc_q2_03','Peeling químico','2026-06-10T12:30',30,'booked',1,'2026-06-08T18:41:01.529Z');
INSERT INTO appointments (id,tenant_id,lead_id,treatment,date_iso,duration_min,status,confirmed,created_at) VALUES ('ap_q2_4','clinica-qa2','sc_q2_04','Rinomodelación','2026-06-10T16:00',30,'booked',0,'2026-06-08T18:41:01.529Z');
INSERT INTO appointments (id,tenant_id,lead_id,treatment,date_iso,duration_min,status,confirmed,created_at) VALUES ('ap_q2_5','clinica-qa2','sc_q2_05','Mesoterapia facial','2026-06-10T17:00',30,'booked',1,'2026-06-08T18:41:01.529Z');
INSERT INTO appointments (id,tenant_id,lead_id,treatment,date_iso,duration_min,status,confirmed,created_at) VALUES ('ap_q2_6','clinica-qa2','sc_q2_06','Aumento de labios','2026-06-10T18:00',30,'booked',0,'2026-06-08T18:41:01.529Z');
INSERT INTO appointments (id,tenant_id,lead_id,treatment,date_iso,duration_min,status,confirmed,created_at) VALUES ('ap_q2_7','clinica-qa2','sc_q2_02','Láser facial','2026-06-11T11:00',30,'booked',0,'2026-06-09T18:41:01.529Z');
INSERT INTO appointments (id,tenant_id,lead_id,treatment,date_iso,duration_min,status,confirmed,created_at) VALUES ('ap_q2_8','clinica-qa2','sc_q2_03','Peeling químico','2026-06-11T17:00',30,'booked',1,'2026-06-09T18:41:01.529Z');
INSERT INTO appointments (id,tenant_id,lead_id,treatment,date_iso,duration_min,status,confirmed,created_at) VALUES ('ap_q2_9','clinica-qa2','sc_q2_04','Rinomodelación','2026-06-12T11:00',30,'booked',0,'2026-06-09T18:41:01.529Z');
INSERT INTO appointments (id,tenant_id,lead_id,treatment,date_iso,duration_min,status,confirmed,created_at) VALUES ('ap_q2_10','clinica-qa2','sc_q2_05','Mesoterapia facial','2026-06-12T17:00',30,'booked',1,'2026-06-09T18:41:01.529Z');
INSERT INTO appointments (id,tenant_id,lead_id,treatment,date_iso,duration_min,status,confirmed,created_at) VALUES ('ap_q2_11','clinica-qa2','sc_q2_06','Aumento de labios','2026-06-13T11:00',30,'booked',0,'2026-06-09T18:41:01.529Z');
INSERT INTO appointments (id,tenant_id,lead_id,treatment,date_iso,duration_min,status,confirmed,created_at) VALUES ('ap_q2_12','clinica-qa2','sc_q2_07','Botox (1 zona)','2026-06-13T17:00',30,'booked',1,'2026-06-09T18:41:01.529Z');
INSERT INTO appointments (id,tenant_id,lead_id,treatment,date_iso,duration_min,status,confirmed,created_at) VALUES ('ap_q2_13','clinica-qa2','sc_q2_08','Láser facial','2026-06-14T11:00',30,'booked',0,'2026-06-09T18:41:01.529Z');
INSERT INTO appointments (id,tenant_id,lead_id,treatment,date_iso,duration_min,status,confirmed,created_at) VALUES ('ap_q2_14','clinica-qa2','sc_q2_09','Peeling químico','2026-06-14T17:00',30,'booked',1,'2026-06-09T18:41:01.529Z');
INSERT INTO appointments (id,tenant_id,lead_id,treatment,date_iso,duration_min,status,confirmed,created_at) VALUES ('ap_q2_15','clinica-qa2','sc_q2_10','Rinomodelación','2026-06-15T11:00',30,'booked',0,'2026-06-09T18:41:01.529Z');
INSERT INTO appointments (id,tenant_id,lead_id,treatment,date_iso,duration_min,status,confirmed,created_at) VALUES ('ap_q2_16','clinica-qa2','sc_q2_11','Mesoterapia facial','2026-06-15T17:00',30,'booked',1,'2026-06-09T18:41:01.529Z');
INSERT INTO treatments_log (id,tenant_id,lead_id,name,amount,pay_status,date_iso,method,cost) VALUES ('tl_q2_0','clinica-qa2','sc_q2_00','Aumento de labios',350,'paid','2026-06-10T18:41:01.529Z','efectivo',45);
INSERT INTO points_ledger (id,tenant_id,lead_id,delta,reason,created_at) VALUES ('pl_q2_0','clinica-qa2','sc_q2_00',350,'compra','2026-06-10T18:41:01.529Z');
INSERT INTO treatments_log (id,tenant_id,lead_id,name,amount,pay_status,date_iso,method,cost) VALUES ('tl_q2_1','clinica-qa2','sc_q2_01','Botox (1 zona)',220,'paid','2026-06-10T18:41:01.529Z','tarjeta',60);
INSERT INTO points_ledger (id,tenant_id,lead_id,delta,reason,created_at) VALUES ('pl_q2_1','clinica-qa2','sc_q2_01',220,'compra','2026-06-10T18:41:01.529Z');
INSERT INTO treatments_log (id,tenant_id,lead_id,name,amount,pay_status,date_iso,method,cost) VALUES ('tl_q2_2','clinica-qa2','sc_q2_02','Láser facial',180,'paid','2026-06-10T18:41:01.529Z','tarjeta',10);
INSERT INTO points_ledger (id,tenant_id,lead_id,delta,reason,created_at) VALUES ('pl_q2_2','clinica-qa2','sc_q2_02',180,'compra','2026-06-10T18:41:01.529Z');
INSERT INTO treatments_log (id,tenant_id,lead_id,name,amount,pay_status,date_iso,method,cost) VALUES ('tl_q2_3','clinica-qa2','sc_q2_03','Peeling químico',120,'paid','2026-06-10T18:41:01.529Z','bizum',10);
INSERT INTO points_ledger (id,tenant_id,lead_id,delta,reason,created_at) VALUES ('pl_q2_3','clinica-qa2','sc_q2_03',120,'compra','2026-06-10T18:41:01.529Z');
INSERT INTO treatments_log (id,tenant_id,lead_id,name,amount,pay_status,date_iso,method,cost) VALUES ('tl_q2_4','clinica-qa2','sc_q2_04','Rinomodelación',450,'paid','2026-06-10T18:41:01.529Z','transferencia',45);
INSERT INTO points_ledger (id,tenant_id,lead_id,delta,reason,created_at) VALUES ('pl_q2_4','clinica-qa2','sc_q2_04',450,'compra','2026-06-10T18:41:01.529Z');
INSERT INTO treatments_log (id,tenant_id,lead_id,name,amount,pay_status,date_iso,method,cost) VALUES ('tl_q2_5','clinica-qa2','sc_q2_05','Mesoterapia facial',150,'paid','2026-06-10T18:41:01.529Z','efectivo',10);
INSERT INTO points_ledger (id,tenant_id,lead_id,delta,reason,created_at) VALUES ('pl_q2_5','clinica-qa2','sc_q2_05',150,'compra','2026-06-10T18:41:01.529Z');
INSERT INTO treatments_log (id,tenant_id,lead_id,name,amount,pay_status,date_iso,method,cost) VALUES ('tl_q2_6','clinica-qa2','sc_q2_06','Aumento de labios',350,'paid','2026-06-03T18:41:01.529Z','tarjeta',45);
INSERT INTO points_ledger (id,tenant_id,lead_id,delta,reason,created_at) VALUES ('pl_q2_6','clinica-qa2','sc_q2_06',350,'compra','2026-06-03T18:41:01.529Z');
INSERT INTO treatments_log (id,tenant_id,lead_id,name,amount,pay_status,date_iso,method,cost) VALUES ('tl_q2_7','clinica-qa2','sc_q2_07','Botox (1 zona)',220,'paid','2026-06-02T18:41:01.529Z','tarjeta',60);
INSERT INTO points_ledger (id,tenant_id,lead_id,delta,reason,created_at) VALUES ('pl_q2_7','clinica-qa2','sc_q2_07',220,'compra','2026-06-02T18:41:01.529Z');
INSERT INTO treatments_log (id,tenant_id,lead_id,name,amount,pay_status,date_iso,method,cost) VALUES ('tl_q2_8','clinica-qa2','sc_q2_08','Láser facial',180,'paid','2026-06-01T18:41:01.529Z','bizum',10);
INSERT INTO points_ledger (id,tenant_id,lead_id,delta,reason,created_at) VALUES ('pl_q2_8','clinica-qa2','sc_q2_08',180,'compra','2026-06-01T18:41:01.529Z');
INSERT INTO treatments_log (id,tenant_id,lead_id,name,amount,pay_status,date_iso,method,cost) VALUES ('tl_q2_9','clinica-qa2','sc_q2_09','Peeling químico',120,'paid','2026-05-31T18:41:01.529Z','transferencia',10);
INSERT INTO points_ledger (id,tenant_id,lead_id,delta,reason,created_at) VALUES ('pl_q2_9','clinica-qa2','sc_q2_09',120,'compra','2026-05-31T18:41:01.529Z');
INSERT INTO treatments_log (id,tenant_id,lead_id,name,amount,pay_status,date_iso,method,cost) VALUES ('tl_q2_10','clinica-qa2','sc_q2_10','Rinomodelación',450,'paid','2026-05-30T18:41:01.529Z','efectivo',45);
INSERT INTO points_ledger (id,tenant_id,lead_id,delta,reason,created_at) VALUES ('pl_q2_10','clinica-qa2','sc_q2_10',450,'compra','2026-05-30T18:41:01.529Z');
INSERT INTO treatments_log (id,tenant_id,lead_id,name,amount,pay_status,date_iso,method,cost) VALUES ('tl_q2_11','clinica-qa2','sc_q2_11','Mesoterapia facial',150,'paid','2026-05-29T18:41:01.529Z','tarjeta',10);
INSERT INTO points_ledger (id,tenant_id,lead_id,delta,reason,created_at) VALUES ('pl_q2_11','clinica-qa2','sc_q2_11',150,'compra','2026-05-29T18:41:01.529Z');
INSERT INTO treatments_log (id,tenant_id,lead_id,name,amount,pay_status,date_iso,method,cost) VALUES ('tl_q2_12','clinica-qa2','sc_q2_12','Aumento de labios',350,'paid','2026-05-28T18:41:01.529Z','tarjeta',45);
INSERT INTO points_ledger (id,tenant_id,lead_id,delta,reason,created_at) VALUES ('pl_q2_12','clinica-qa2','sc_q2_12',350,'compra','2026-05-28T18:41:01.529Z');
INSERT INTO treatments_log (id,tenant_id,lead_id,name,amount,pay_status,date_iso,method,cost) VALUES ('tl_q2_13','clinica-qa2','sc_q2_13','Botox (1 zona)',220,'paid','2026-05-27T18:41:01.529Z','bizum',60);
INSERT INTO points_ledger (id,tenant_id,lead_id,delta,reason,created_at) VALUES ('pl_q2_13','clinica-qa2','sc_q2_13',220,'compra','2026-05-27T18:41:01.529Z');
INSERT INTO treatments_log (id,tenant_id,lead_id,name,amount,pay_status,date_iso,method,cost) VALUES ('tl_q2_14','clinica-qa2','sc_q2_14','Láser facial',180,'paid','2026-05-26T18:41:01.529Z','transferencia',10);
INSERT INTO points_ledger (id,tenant_id,lead_id,delta,reason,created_at) VALUES ('pl_q2_14','clinica-qa2','sc_q2_14',180,'compra','2026-05-26T18:41:01.529Z');
INSERT INTO treatments_log (id,tenant_id,lead_id,name,amount,pay_status,date_iso,method,cost) VALUES ('tl_q2_15','clinica-qa2','sc_q2_15','Peeling químico',120,'paid','2026-05-25T18:41:01.529Z','efectivo',10);
INSERT INTO points_ledger (id,tenant_id,lead_id,delta,reason,created_at) VALUES ('pl_q2_15','clinica-qa2','sc_q2_15',120,'compra','2026-05-25T18:41:01.529Z');
INSERT INTO treatments_log (id,tenant_id,lead_id,name,amount,pay_status,date_iso,method,cost) VALUES ('tl_q2_16','clinica-qa2','sc_q2_16','Rinomodelación',450,'paid','2026-05-24T18:41:01.529Z','tarjeta',45);
INSERT INTO points_ledger (id,tenant_id,lead_id,delta,reason,created_at) VALUES ('pl_q2_16','clinica-qa2','sc_q2_16',450,'compra','2026-05-24T18:41:01.529Z');
INSERT INTO treatments_log (id,tenant_id,lead_id,name,amount,pay_status,date_iso,method,cost) VALUES ('tl_q2_17','clinica-qa2','sc_q2_17','Mesoterapia facial',150,'paid','2026-05-23T18:41:01.529Z','tarjeta',10);
INSERT INTO points_ledger (id,tenant_id,lead_id,delta,reason,created_at) VALUES ('pl_q2_17','clinica-qa2','sc_q2_17',150,'compra','2026-05-23T18:41:01.529Z');
INSERT INTO treatments_log (id,tenant_id,lead_id,name,amount,pay_status,date_iso,method,cost) VALUES ('tl_q2_18','clinica-qa2','sc_q2_18','Aumento de labios',350,'paid','2026-05-22T18:41:01.529Z','bizum',45);
INSERT INTO points_ledger (id,tenant_id,lead_id,delta,reason,created_at) VALUES ('pl_q2_18','clinica-qa2','sc_q2_18',350,'compra','2026-05-22T18:41:01.529Z');
INSERT INTO points_ledger (id,tenant_id,lead_id,delta,reason,created_at) VALUES ('plb_q2_0','clinica-qa2','sc_q2_00',100,'bienvenida','2026-06-09T18:41:01.529Z');
INSERT INTO points_ledger (id,tenant_id,lead_id,delta,reason,created_at) VALUES ('plb_q2_1','clinica-qa2','sc_q2_01',100,'bienvenida','2026-06-08T18:41:01.529Z');
INSERT INTO points_ledger (id,tenant_id,lead_id,delta,reason,created_at) VALUES ('plb_q2_2','clinica-qa2','sc_q2_02',100,'bienvenida','2026-06-07T18:41:01.529Z');
INSERT INTO points_ledger (id,tenant_id,lead_id,delta,reason,created_at) VALUES ('plb_q2_3','clinica-qa2','sc_q2_03',100,'bienvenida','2026-06-06T18:41:01.529Z');
INSERT INTO points_ledger (id,tenant_id,lead_id,delta,reason,created_at) VALUES ('plb_q2_4','clinica-qa2','sc_q2_04',100,'bienvenida','2026-06-05T18:41:01.529Z');
INSERT INTO points_ledger (id,tenant_id,lead_id,delta,reason,created_at) VALUES ('plb_q2_5','clinica-qa2','sc_q2_05',100,'bienvenida','2026-06-04T18:41:01.529Z');
INSERT INTO points_ledger (id,tenant_id,lead_id,delta,reason,created_at) VALUES ('plb_q2_6','clinica-qa2','sc_q2_06',100,'bienvenida','2026-06-03T18:41:01.529Z');
INSERT INTO points_ledger (id,tenant_id,lead_id,delta,reason,created_at) VALUES ('plb_q2_7','clinica-qa2','sc_q2_07',100,'bienvenida','2026-06-02T18:41:01.529Z');
INSERT INTO points_ledger (id,tenant_id,lead_id,delta,reason,created_at) VALUES ('plb_q2_8','clinica-qa2','sc_q2_08',100,'bienvenida','2026-06-01T18:41:01.529Z');
INSERT INTO points_ledger (id,tenant_id,lead_id,delta,reason,created_at) VALUES ('plb_q2_9','clinica-qa2','sc_q2_09',100,'bienvenida','2026-05-31T18:41:01.529Z');
INSERT INTO points_ledger (id,tenant_id,lead_id,delta,reason,created_at) VALUES ('plb_q2_10','clinica-qa2','sc_q2_10',100,'bienvenida','2026-05-30T18:41:01.529Z');
INSERT INTO points_ledger (id,tenant_id,lead_id,delta,reason,created_at) VALUES ('plb_q2_11','clinica-qa2','sc_q2_11',100,'bienvenida','2026-05-29T18:41:01.529Z');
INSERT INTO bonos (id,tenant_id,lead_id,name,total_sessions,used_sessions,amount,status,created_at) VALUES ('bo_q2_1','clinica-qa2','sc_q2_05','Pack 5 sesiones láser',5,2,800,'active','2026-05-21T18:41:01.529Z');
INSERT INTO bonos (id,tenant_id,lead_id,name,total_sessions,used_sessions,amount,status,created_at) VALUES ('bo_q2_2','clinica-qa2','sc_q2_08','Pack 10 mesoterapia',10,4,1200,'active','2026-05-31T18:41:01.529Z');
DELETE FROM points_ledger WHERE tenant_id='clinica-estetica-premium-barcelona' AND lead_id LIKE 'sc_bc_%';
DELETE FROM treatments_log WHERE tenant_id='clinica-estetica-premium-barcelona' AND lead_id LIKE 'sc_bc_%';
DELETE FROM appointments WHERE tenant_id='clinica-estetica-premium-barcelona' AND lead_id LIKE 'sc_bc_%';
DELETE FROM bonos WHERE tenant_id='clinica-estetica-premium-barcelona' AND lead_id LIKE 'sc_bc_%';
DELETE FROM leads WHERE tenant_id='clinica-estetica-premium-barcelona' AND source='seed-prueba';
INSERT INTO leads (id,tenant_id,name,phone,treatment,quiz_score,temperature,status,source,created_at,call_priority,recover_state,tags,chatted) VALUES ('sc_bc_00','clinica-estetica-premium-barcelona','María García','631000000','Aumento de labios',40,'hot','new','seed-prueba','2026-06-09T18:41:01.529Z','none',NULL,'VIP',0);
INSERT INTO leads (id,tenant_id,name,phone,treatment,quiz_score,temperature,status,source,created_at,call_priority,recover_state,tags,chatted) VALUES ('sc_bc_01','clinica-estetica-premium-barcelona','Laura Fernández','631000317','Botox (1 zona)',47,'warm','new','seed-prueba','2026-06-08T18:41:01.529Z','none',NULL,'',0);
INSERT INTO leads (id,tenant_id,name,phone,treatment,quiz_score,temperature,status,source,created_at,call_priority,recover_state,tags,chatted) VALUES ('sc_bc_02','clinica-estetica-premium-barcelona','Carmen Ruiz','631000634','Láser facial',54,'cold','whatsapp','seed-prueba','2026-06-07T18:41:01.529Z','none',NULL,'',1);
INSERT INTO leads (id,tenant_id,name,phone,treatment,quiz_score,temperature,status,source,created_at,call_priority,recover_state,tags,chatted) VALUES ('sc_bc_03','clinica-estetica-premium-barcelona','Ana Martín','631000951','Peeling químico',61,'hot','booked','seed-prueba','2026-06-06T18:41:01.529Z','none',NULL,'',1);
INSERT INTO leads (id,tenant_id,name,phone,treatment,quiz_score,temperature,status,source,created_at,call_priority,recover_state,tags,chatted) VALUES ('sc_bc_04','clinica-estetica-premium-barcelona','Lucía López','631001268','Rinomodelación',68,'warm','booked','seed-prueba','2026-06-05T18:41:01.529Z','none',NULL,'',1);
INSERT INTO leads (id,tenant_id,name,phone,treatment,quiz_score,temperature,status,source,created_at,call_priority,recover_state,tags,chatted) VALUES ('sc_bc_05','clinica-estetica-premium-barcelona','Paula Sánchez','631001585','Mesoterapia facial',75,'cold','attended','seed-prueba','2026-06-04T18:41:01.529Z','none',NULL,'',1);
INSERT INTO leads (id,tenant_id,name,phone,treatment,quiz_score,temperature,status,source,created_at,call_priority,recover_state,tags,chatted) VALUES ('sc_bc_06','clinica-estetica-premium-barcelona','Sara Gómez','631001902','Aumento de labios',82,'hot','client','seed-prueba','2026-06-03T18:41:01.529Z','none',NULL,'',1);
INSERT INTO leads (id,tenant_id,name,phone,treatment,quiz_score,temperature,status,source,created_at,call_priority,recover_state,tags,chatted) VALUES ('sc_bc_07','clinica-estetica-premium-barcelona','Marta Díaz','631002219','Botox (1 zona)',89,'warm','client','seed-prueba','2026-06-02T18:41:01.529Z','none',NULL,'Recurrente',1);
INSERT INTO leads (id,tenant_id,name,phone,treatment,quiz_score,temperature,status,source,created_at,call_priority,recover_state,tags,chatted) VALUES ('sc_bc_08','clinica-estetica-premium-barcelona','Elena Moreno','631002536','Láser facial',96,'cold','client','seed-prueba','2026-06-01T18:41:01.529Z','none',NULL,'',1);
INSERT INTO leads (id,tenant_id,name,phone,treatment,quiz_score,temperature,status,source,created_at,call_priority,recover_state,tags,chatted) VALUES ('sc_bc_09','clinica-estetica-premium-barcelona','Cristina Jiménez','631002853','Peeling químico',43,'hot','lost','seed-prueba','2026-05-31T18:41:01.529Z','none',NULL,'VIP',1);
INSERT INTO leads (id,tenant_id,name,phone,treatment,quiz_score,temperature,status,source,created_at,call_priority,recover_state,tags,chatted) VALUES ('sc_bc_10','clinica-estetica-premium-barcelona','Sofía Álvarez','631003170','Rinomodelación',50,'warm','noshow','seed-prueba','2026-05-30T18:41:01.529Z','urgent','noshow','',1);
INSERT INTO leads (id,tenant_id,name,phone,treatment,quiz_score,temperature,status,source,created_at,call_priority,recover_state,tags,chatted) VALUES ('sc_bc_11','clinica-estetica-premium-barcelona','Natalia Romero','631003487','Mesoterapia facial',57,'cold','new','seed-prueba','2026-05-29T18:41:01.529Z','none',NULL,'',0);
INSERT INTO leads (id,tenant_id,name,phone,treatment,quiz_score,temperature,status,source,created_at,call_priority,recover_state,tags,chatted) VALUES ('sc_bc_12','clinica-estetica-premium-barcelona','Andrea Navarro','631003804','Aumento de labios',64,'hot','new','seed-prueba','2026-05-28T18:41:01.529Z','none',NULL,'',0);
INSERT INTO leads (id,tenant_id,name,phone,treatment,quiz_score,temperature,status,source,created_at,call_priority,recover_state,tags,chatted) VALUES ('sc_bc_13','clinica-estetica-premium-barcelona','Beatriz Torres','631004121','Botox (1 zona)',71,'warm','whatsapp','seed-prueba','2026-05-27T18:41:01.529Z','none',NULL,'',1);
INSERT INTO leads (id,tenant_id,name,phone,treatment,quiz_score,temperature,status,source,created_at,call_priority,recover_state,tags,chatted) VALUES ('sc_bc_14','clinica-estetica-premium-barcelona','Raquel Ramos','631004438','Láser facial',78,'cold','booked','seed-prueba','2026-05-26T18:41:01.529Z','none',NULL,'Recurrente',1);
INSERT INTO leads (id,tenant_id,name,phone,treatment,quiz_score,temperature,status,source,created_at,call_priority,recover_state,tags,chatted) VALUES ('sc_bc_15','clinica-estetica-premium-barcelona','Patricia Gil','631004755','Peeling químico',85,'hot','booked','seed-prueba','2026-05-25T18:41:01.529Z','none',NULL,'',1);
INSERT INTO leads (id,tenant_id,name,phone,treatment,quiz_score,temperature,status,source,created_at,call_priority,recover_state,tags,chatted) VALUES ('sc_bc_16','clinica-estetica-premium-barcelona','Nuria Serrano','631005072','Rinomodelación',92,'warm','attended','seed-prueba','2026-05-24T18:41:01.529Z','none',NULL,'',1);
INSERT INTO leads (id,tenant_id,name,phone,treatment,quiz_score,temperature,status,source,created_at,call_priority,recover_state,tags,chatted) VALUES ('sc_bc_17','clinica-estetica-premium-barcelona','Silvia Castro','631005389','Mesoterapia facial',99,'cold','client','seed-prueba','2026-05-23T18:41:01.529Z','none',NULL,'',1);
INSERT INTO leads (id,tenant_id,name,phone,treatment,quiz_score,temperature,status,source,created_at,call_priority,recover_state,tags,chatted) VALUES ('sc_bc_18','clinica-estetica-premium-barcelona','Eva Ortega','631005706','Aumento de labios',46,'hot','client','seed-prueba','2026-05-22T18:41:01.529Z','none',NULL,'VIP',1);
INSERT INTO leads (id,tenant_id,name,phone,treatment,quiz_score,temperature,status,source,created_at,call_priority,recover_state,tags,chatted) VALUES ('sc_bc_19','clinica-estetica-premium-barcelona','Rocío Rubio','631006023','Botox (1 zona)',53,'warm','client','seed-prueba','2026-05-21T18:41:01.529Z','none',NULL,'',1);
INSERT INTO leads (id,tenant_id,name,phone,treatment,quiz_score,temperature,status,source,created_at,call_priority,recover_state,tags,chatted) VALUES ('sc_bc_20','clinica-estetica-premium-barcelona','Alba Molina','631006340','Láser facial',60,'cold','lost','seed-prueba','2026-05-20T18:41:01.529Z','none',NULL,'',1);
INSERT INTO leads (id,tenant_id,name,phone,treatment,quiz_score,temperature,status,source,created_at,call_priority,recover_state,tags,chatted) VALUES ('sc_bc_21','clinica-estetica-premium-barcelona','Irene Delgado','631006657','Peeling químico',67,'hot','noshow','seed-prueba','2026-05-19T18:41:01.529Z','urgent','noshow','Recurrente',1);
INSERT INTO leads (id,tenant_id,name,phone,treatment,quiz_score,temperature,status,source,created_at,call_priority,recover_state,tags,chatted) VALUES ('sc_bc_22','clinica-estetica-premium-barcelona','Marina Suárez','631006974','Rinomodelación',74,'warm','new','seed-prueba','2026-05-18T18:41:01.529Z','none',NULL,'',0);
INSERT INTO leads (id,tenant_id,name,phone,treatment,quiz_score,temperature,status,source,created_at,call_priority,recover_state,tags,chatted) VALUES ('sc_bc_23','clinica-estetica-premium-barcelona','Clara Ortiz','631007291','Mesoterapia facial',81,'cold','new','seed-prueba','2026-05-17T18:41:01.529Z','none',NULL,'',0);
INSERT INTO leads (id,tenant_id,name,phone,treatment,quiz_score,temperature,status,source,created_at,call_priority,recover_state,tags,chatted) VALUES ('sc_bc_24','clinica-estetica-premium-barcelona','Daniela Vega','631007608','Aumento de labios',88,'hot','whatsapp','seed-prueba','2026-05-16T18:41:01.529Z','urgent',NULL,'',1);
INSERT INTO leads (id,tenant_id,name,phone,treatment,quiz_score,temperature,status,source,created_at,call_priority,recover_state,tags,chatted) VALUES ('sc_bc_25','clinica-estetica-premium-barcelona','Carla Ramírez','631007925','Botox (1 zona)',95,'warm','booked','seed-prueba','2026-05-15T18:41:01.529Z','none',NULL,'',1);
INSERT INTO leads (id,tenant_id,name,phone,treatment,quiz_score,temperature,status,source,created_at,call_priority,recover_state,tags,chatted) VALUES ('sc_bc_26','clinica-estetica-premium-barcelona','Julia Morales','631008242','Láser facial',42,'cold','booked','seed-prueba','2026-05-14T18:41:01.529Z','none',NULL,'',1);
INSERT INTO leads (id,tenant_id,name,phone,treatment,quiz_score,temperature,status,source,created_at,call_priority,recover_state,tags,chatted) VALUES ('sc_bc_27','clinica-estetica-premium-barcelona','Valeria Ortiz','631008559','Peeling químico',49,'hot','attended','seed-prueba','2026-05-13T18:41:01.529Z','none',NULL,'VIP',1);
INSERT INTO appointments (id,tenant_id,lead_id,treatment,date_iso,duration_min,status,confirmed,created_at) VALUES ('ap_bc_0','clinica-estetica-premium-barcelona','sc_bc_00','Aumento de labios','2026-06-10T10:00',30,'attended',0,'2026-06-08T18:41:01.529Z');
INSERT INTO appointments (id,tenant_id,lead_id,treatment,date_iso,duration_min,status,confirmed,created_at) VALUES ('ap_bc_1','clinica-estetica-premium-barcelona','sc_bc_01','Botox (1 zona)','2026-06-10T10:30',30,'attended',1,'2026-06-08T18:41:01.529Z');
INSERT INTO appointments (id,tenant_id,lead_id,treatment,date_iso,duration_min,status,confirmed,created_at) VALUES ('ap_bc_2','clinica-estetica-premium-barcelona','sc_bc_02','Láser facial','2026-06-10T11:30',30,'attended',0,'2026-06-08T18:41:01.529Z');
INSERT INTO appointments (id,tenant_id,lead_id,treatment,date_iso,duration_min,status,confirmed,created_at) VALUES ('ap_bc_3','clinica-estetica-premium-barcelona','sc_bc_03','Peeling químico','2026-06-10T12:30',30,'booked',1,'2026-06-08T18:41:01.529Z');
INSERT INTO appointments (id,tenant_id,lead_id,treatment,date_iso,duration_min,status,confirmed,created_at) VALUES ('ap_bc_4','clinica-estetica-premium-barcelona','sc_bc_04','Rinomodelación','2026-06-10T16:00',30,'booked',0,'2026-06-08T18:41:01.529Z');
INSERT INTO appointments (id,tenant_id,lead_id,treatment,date_iso,duration_min,status,confirmed,created_at) VALUES ('ap_bc_5','clinica-estetica-premium-barcelona','sc_bc_05','Mesoterapia facial','2026-06-10T17:00',30,'booked',1,'2026-06-08T18:41:01.529Z');
INSERT INTO appointments (id,tenant_id,lead_id,treatment,date_iso,duration_min,status,confirmed,created_at) VALUES ('ap_bc_6','clinica-estetica-premium-barcelona','sc_bc_06','Aumento de labios','2026-06-10T18:00',30,'booked',0,'2026-06-08T18:41:01.529Z');
INSERT INTO appointments (id,tenant_id,lead_id,treatment,date_iso,duration_min,status,confirmed,created_at) VALUES ('ap_bc_7','clinica-estetica-premium-barcelona','sc_bc_02','Láser facial','2026-06-11T11:00',30,'booked',0,'2026-06-09T18:41:01.529Z');
INSERT INTO appointments (id,tenant_id,lead_id,treatment,date_iso,duration_min,status,confirmed,created_at) VALUES ('ap_bc_8','clinica-estetica-premium-barcelona','sc_bc_03','Peeling químico','2026-06-11T17:00',30,'booked',1,'2026-06-09T18:41:01.529Z');
INSERT INTO appointments (id,tenant_id,lead_id,treatment,date_iso,duration_min,status,confirmed,created_at) VALUES ('ap_bc_9','clinica-estetica-premium-barcelona','sc_bc_04','Rinomodelación','2026-06-12T11:00',30,'booked',0,'2026-06-09T18:41:01.529Z');
INSERT INTO appointments (id,tenant_id,lead_id,treatment,date_iso,duration_min,status,confirmed,created_at) VALUES ('ap_bc_10','clinica-estetica-premium-barcelona','sc_bc_05','Mesoterapia facial','2026-06-12T17:00',30,'booked',1,'2026-06-09T18:41:01.529Z');
INSERT INTO appointments (id,tenant_id,lead_id,treatment,date_iso,duration_min,status,confirmed,created_at) VALUES ('ap_bc_11','clinica-estetica-premium-barcelona','sc_bc_06','Aumento de labios','2026-06-13T11:00',30,'booked',0,'2026-06-09T18:41:01.529Z');
INSERT INTO appointments (id,tenant_id,lead_id,treatment,date_iso,duration_min,status,confirmed,created_at) VALUES ('ap_bc_12','clinica-estetica-premium-barcelona','sc_bc_07','Botox (1 zona)','2026-06-13T17:00',30,'booked',1,'2026-06-09T18:41:01.529Z');
INSERT INTO appointments (id,tenant_id,lead_id,treatment,date_iso,duration_min,status,confirmed,created_at) VALUES ('ap_bc_13','clinica-estetica-premium-barcelona','sc_bc_08','Láser facial','2026-06-14T11:00',30,'booked',0,'2026-06-09T18:41:01.529Z');
INSERT INTO appointments (id,tenant_id,lead_id,treatment,date_iso,duration_min,status,confirmed,created_at) VALUES ('ap_bc_14','clinica-estetica-premium-barcelona','sc_bc_09','Peeling químico','2026-06-14T17:00',30,'booked',1,'2026-06-09T18:41:01.529Z');
INSERT INTO appointments (id,tenant_id,lead_id,treatment,date_iso,duration_min,status,confirmed,created_at) VALUES ('ap_bc_15','clinica-estetica-premium-barcelona','sc_bc_10','Rinomodelación','2026-06-15T11:00',30,'booked',0,'2026-06-09T18:41:01.529Z');
INSERT INTO appointments (id,tenant_id,lead_id,treatment,date_iso,duration_min,status,confirmed,created_at) VALUES ('ap_bc_16','clinica-estetica-premium-barcelona','sc_bc_11','Mesoterapia facial','2026-06-15T17:00',30,'booked',1,'2026-06-09T18:41:01.529Z');
INSERT INTO treatments_log (id,tenant_id,lead_id,name,amount,pay_status,date_iso,method,cost) VALUES ('tl_bc_0','clinica-estetica-premium-barcelona','sc_bc_00','Aumento de labios',350,'paid','2026-06-10T18:41:01.529Z','efectivo',45);
INSERT INTO points_ledger (id,tenant_id,lead_id,delta,reason,created_at) VALUES ('pl_bc_0','clinica-estetica-premium-barcelona','sc_bc_00',350,'compra','2026-06-10T18:41:01.529Z');
INSERT INTO treatments_log (id,tenant_id,lead_id,name,amount,pay_status,date_iso,method,cost) VALUES ('tl_bc_1','clinica-estetica-premium-barcelona','sc_bc_01','Botox (1 zona)',220,'paid','2026-06-10T18:41:01.529Z','tarjeta',60);
INSERT INTO points_ledger (id,tenant_id,lead_id,delta,reason,created_at) VALUES ('pl_bc_1','clinica-estetica-premium-barcelona','sc_bc_01',220,'compra','2026-06-10T18:41:01.529Z');
INSERT INTO treatments_log (id,tenant_id,lead_id,name,amount,pay_status,date_iso,method,cost) VALUES ('tl_bc_2','clinica-estetica-premium-barcelona','sc_bc_02','Láser facial',180,'paid','2026-06-10T18:41:01.529Z','tarjeta',10);
INSERT INTO points_ledger (id,tenant_id,lead_id,delta,reason,created_at) VALUES ('pl_bc_2','clinica-estetica-premium-barcelona','sc_bc_02',180,'compra','2026-06-10T18:41:01.529Z');
INSERT INTO treatments_log (id,tenant_id,lead_id,name,amount,pay_status,date_iso,method,cost) VALUES ('tl_bc_3','clinica-estetica-premium-barcelona','sc_bc_03','Peeling químico',120,'paid','2026-06-10T18:41:01.529Z','bizum',10);
INSERT INTO points_ledger (id,tenant_id,lead_id,delta,reason,created_at) VALUES ('pl_bc_3','clinica-estetica-premium-barcelona','sc_bc_03',120,'compra','2026-06-10T18:41:01.529Z');
INSERT INTO treatments_log (id,tenant_id,lead_id,name,amount,pay_status,date_iso,method,cost) VALUES ('tl_bc_4','clinica-estetica-premium-barcelona','sc_bc_04','Rinomodelación',450,'paid','2026-06-10T18:41:01.529Z','transferencia',45);
INSERT INTO points_ledger (id,tenant_id,lead_id,delta,reason,created_at) VALUES ('pl_bc_4','clinica-estetica-premium-barcelona','sc_bc_04',450,'compra','2026-06-10T18:41:01.529Z');
INSERT INTO treatments_log (id,tenant_id,lead_id,name,amount,pay_status,date_iso,method,cost) VALUES ('tl_bc_5','clinica-estetica-premium-barcelona','sc_bc_05','Mesoterapia facial',150,'paid','2026-06-10T18:41:01.529Z','efectivo',10);
INSERT INTO points_ledger (id,tenant_id,lead_id,delta,reason,created_at) VALUES ('pl_bc_5','clinica-estetica-premium-barcelona','sc_bc_05',150,'compra','2026-06-10T18:41:01.529Z');
INSERT INTO treatments_log (id,tenant_id,lead_id,name,amount,pay_status,date_iso,method,cost) VALUES ('tl_bc_6','clinica-estetica-premium-barcelona','sc_bc_06','Aumento de labios',350,'paid','2026-06-03T18:41:01.529Z','tarjeta',45);
INSERT INTO points_ledger (id,tenant_id,lead_id,delta,reason,created_at) VALUES ('pl_bc_6','clinica-estetica-premium-barcelona','sc_bc_06',350,'compra','2026-06-03T18:41:01.529Z');
INSERT INTO treatments_log (id,tenant_id,lead_id,name,amount,pay_status,date_iso,method,cost) VALUES ('tl_bc_7','clinica-estetica-premium-barcelona','sc_bc_07','Botox (1 zona)',220,'paid','2026-06-02T18:41:01.529Z','tarjeta',60);
INSERT INTO points_ledger (id,tenant_id,lead_id,delta,reason,created_at) VALUES ('pl_bc_7','clinica-estetica-premium-barcelona','sc_bc_07',220,'compra','2026-06-02T18:41:01.529Z');
INSERT INTO treatments_log (id,tenant_id,lead_id,name,amount,pay_status,date_iso,method,cost) VALUES ('tl_bc_8','clinica-estetica-premium-barcelona','sc_bc_08','Láser facial',180,'paid','2026-06-01T18:41:01.529Z','bizum',10);
INSERT INTO points_ledger (id,tenant_id,lead_id,delta,reason,created_at) VALUES ('pl_bc_8','clinica-estetica-premium-barcelona','sc_bc_08',180,'compra','2026-06-01T18:41:01.529Z');
INSERT INTO treatments_log (id,tenant_id,lead_id,name,amount,pay_status,date_iso,method,cost) VALUES ('tl_bc_9','clinica-estetica-premium-barcelona','sc_bc_09','Peeling químico',120,'paid','2026-05-31T18:41:01.529Z','transferencia',10);
INSERT INTO points_ledger (id,tenant_id,lead_id,delta,reason,created_at) VALUES ('pl_bc_9','clinica-estetica-premium-barcelona','sc_bc_09',120,'compra','2026-05-31T18:41:01.529Z');
INSERT INTO treatments_log (id,tenant_id,lead_id,name,amount,pay_status,date_iso,method,cost) VALUES ('tl_bc_10','clinica-estetica-premium-barcelona','sc_bc_10','Rinomodelación',450,'paid','2026-05-30T18:41:01.529Z','efectivo',45);
INSERT INTO points_ledger (id,tenant_id,lead_id,delta,reason,created_at) VALUES ('pl_bc_10','clinica-estetica-premium-barcelona','sc_bc_10',450,'compra','2026-05-30T18:41:01.529Z');
INSERT INTO treatments_log (id,tenant_id,lead_id,name,amount,pay_status,date_iso,method,cost) VALUES ('tl_bc_11','clinica-estetica-premium-barcelona','sc_bc_11','Mesoterapia facial',150,'paid','2026-05-29T18:41:01.529Z','tarjeta',10);
INSERT INTO points_ledger (id,tenant_id,lead_id,delta,reason,created_at) VALUES ('pl_bc_11','clinica-estetica-premium-barcelona','sc_bc_11',150,'compra','2026-05-29T18:41:01.529Z');
INSERT INTO treatments_log (id,tenant_id,lead_id,name,amount,pay_status,date_iso,method,cost) VALUES ('tl_bc_12','clinica-estetica-premium-barcelona','sc_bc_12','Aumento de labios',350,'paid','2026-05-28T18:41:01.529Z','tarjeta',45);
INSERT INTO points_ledger (id,tenant_id,lead_id,delta,reason,created_at) VALUES ('pl_bc_12','clinica-estetica-premium-barcelona','sc_bc_12',350,'compra','2026-05-28T18:41:01.529Z');
INSERT INTO treatments_log (id,tenant_id,lead_id,name,amount,pay_status,date_iso,method,cost) VALUES ('tl_bc_13','clinica-estetica-premium-barcelona','sc_bc_13','Botox (1 zona)',220,'paid','2026-05-27T18:41:01.529Z','bizum',60);
INSERT INTO points_ledger (id,tenant_id,lead_id,delta,reason,created_at) VALUES ('pl_bc_13','clinica-estetica-premium-barcelona','sc_bc_13',220,'compra','2026-05-27T18:41:01.529Z');
INSERT INTO treatments_log (id,tenant_id,lead_id,name,amount,pay_status,date_iso,method,cost) VALUES ('tl_bc_14','clinica-estetica-premium-barcelona','sc_bc_14','Láser facial',180,'paid','2026-05-26T18:41:01.529Z','transferencia',10);
INSERT INTO points_ledger (id,tenant_id,lead_id,delta,reason,created_at) VALUES ('pl_bc_14','clinica-estetica-premium-barcelona','sc_bc_14',180,'compra','2026-05-26T18:41:01.529Z');
INSERT INTO treatments_log (id,tenant_id,lead_id,name,amount,pay_status,date_iso,method,cost) VALUES ('tl_bc_15','clinica-estetica-premium-barcelona','sc_bc_15','Peeling químico',120,'paid','2026-05-25T18:41:01.529Z','efectivo',10);
INSERT INTO points_ledger (id,tenant_id,lead_id,delta,reason,created_at) VALUES ('pl_bc_15','clinica-estetica-premium-barcelona','sc_bc_15',120,'compra','2026-05-25T18:41:01.529Z');
INSERT INTO treatments_log (id,tenant_id,lead_id,name,amount,pay_status,date_iso,method,cost) VALUES ('tl_bc_16','clinica-estetica-premium-barcelona','sc_bc_16','Rinomodelación',450,'paid','2026-05-24T18:41:01.529Z','tarjeta',45);
INSERT INTO points_ledger (id,tenant_id,lead_id,delta,reason,created_at) VALUES ('pl_bc_16','clinica-estetica-premium-barcelona','sc_bc_16',450,'compra','2026-05-24T18:41:01.529Z');
INSERT INTO treatments_log (id,tenant_id,lead_id,name,amount,pay_status,date_iso,method,cost) VALUES ('tl_bc_17','clinica-estetica-premium-barcelona','sc_bc_17','Mesoterapia facial',150,'paid','2026-05-23T18:41:01.529Z','tarjeta',10);
INSERT INTO points_ledger (id,tenant_id,lead_id,delta,reason,created_at) VALUES ('pl_bc_17','clinica-estetica-premium-barcelona','sc_bc_17',150,'compra','2026-05-23T18:41:01.529Z');
INSERT INTO treatments_log (id,tenant_id,lead_id,name,amount,pay_status,date_iso,method,cost) VALUES ('tl_bc_18','clinica-estetica-premium-barcelona','sc_bc_18','Aumento de labios',350,'paid','2026-05-22T18:41:01.529Z','bizum',45);
INSERT INTO points_ledger (id,tenant_id,lead_id,delta,reason,created_at) VALUES ('pl_bc_18','clinica-estetica-premium-barcelona','sc_bc_18',350,'compra','2026-05-22T18:41:01.529Z');
INSERT INTO treatments_log (id,tenant_id,lead_id,name,amount,pay_status,date_iso,method,cost) VALUES ('tl_bc_19','clinica-estetica-premium-barcelona','sc_bc_19','Botox (1 zona)',220,'paid','2026-05-21T18:41:01.529Z','transferencia',60);
INSERT INTO points_ledger (id,tenant_id,lead_id,delta,reason,created_at) VALUES ('pl_bc_19','clinica-estetica-premium-barcelona','sc_bc_19',220,'compra','2026-05-21T18:41:01.529Z');
INSERT INTO treatments_log (id,tenant_id,lead_id,name,amount,pay_status,date_iso,method,cost) VALUES ('tl_bc_20','clinica-estetica-premium-barcelona','sc_bc_20','Láser facial',180,'paid','2026-05-20T18:41:01.529Z','efectivo',10);
INSERT INTO points_ledger (id,tenant_id,lead_id,delta,reason,created_at) VALUES ('pl_bc_20','clinica-estetica-premium-barcelona','sc_bc_20',180,'compra','2026-05-20T18:41:01.529Z');
INSERT INTO treatments_log (id,tenant_id,lead_id,name,amount,pay_status,date_iso,method,cost) VALUES ('tl_bc_21','clinica-estetica-premium-barcelona','sc_bc_21','Peeling químico',120,'paid','2026-05-19T18:41:01.529Z','tarjeta',10);
INSERT INTO points_ledger (id,tenant_id,lead_id,delta,reason,created_at) VALUES ('pl_bc_21','clinica-estetica-premium-barcelona','sc_bc_21',120,'compra','2026-05-19T18:41:01.529Z');
INSERT INTO points_ledger (id,tenant_id,lead_id,delta,reason,created_at) VALUES ('plb_bc_0','clinica-estetica-premium-barcelona','sc_bc_00',100,'bienvenida','2026-06-09T18:41:01.529Z');
INSERT INTO points_ledger (id,tenant_id,lead_id,delta,reason,created_at) VALUES ('plb_bc_1','clinica-estetica-premium-barcelona','sc_bc_01',100,'bienvenida','2026-06-08T18:41:01.529Z');
INSERT INTO points_ledger (id,tenant_id,lead_id,delta,reason,created_at) VALUES ('plb_bc_2','clinica-estetica-premium-barcelona','sc_bc_02',100,'bienvenida','2026-06-07T18:41:01.529Z');
INSERT INTO points_ledger (id,tenant_id,lead_id,delta,reason,created_at) VALUES ('plb_bc_3','clinica-estetica-premium-barcelona','sc_bc_03',100,'bienvenida','2026-06-06T18:41:01.529Z');
INSERT INTO points_ledger (id,tenant_id,lead_id,delta,reason,created_at) VALUES ('plb_bc_4','clinica-estetica-premium-barcelona','sc_bc_04',100,'bienvenida','2026-06-05T18:41:01.529Z');
INSERT INTO points_ledger (id,tenant_id,lead_id,delta,reason,created_at) VALUES ('plb_bc_5','clinica-estetica-premium-barcelona','sc_bc_05',100,'bienvenida','2026-06-04T18:41:01.529Z');
INSERT INTO points_ledger (id,tenant_id,lead_id,delta,reason,created_at) VALUES ('plb_bc_6','clinica-estetica-premium-barcelona','sc_bc_06',100,'bienvenida','2026-06-03T18:41:01.529Z');
INSERT INTO points_ledger (id,tenant_id,lead_id,delta,reason,created_at) VALUES ('plb_bc_7','clinica-estetica-premium-barcelona','sc_bc_07',100,'bienvenida','2026-06-02T18:41:01.529Z');
INSERT INTO points_ledger (id,tenant_id,lead_id,delta,reason,created_at) VALUES ('plb_bc_8','clinica-estetica-premium-barcelona','sc_bc_08',100,'bienvenida','2026-06-01T18:41:01.529Z');
INSERT INTO points_ledger (id,tenant_id,lead_id,delta,reason,created_at) VALUES ('plb_bc_9','clinica-estetica-premium-barcelona','sc_bc_09',100,'bienvenida','2026-05-31T18:41:01.529Z');
INSERT INTO points_ledger (id,tenant_id,lead_id,delta,reason,created_at) VALUES ('plb_bc_10','clinica-estetica-premium-barcelona','sc_bc_10',100,'bienvenida','2026-05-30T18:41:01.529Z');
INSERT INTO points_ledger (id,tenant_id,lead_id,delta,reason,created_at) VALUES ('plb_bc_11','clinica-estetica-premium-barcelona','sc_bc_11',100,'bienvenida','2026-05-29T18:41:01.529Z');
INSERT INTO bonos (id,tenant_id,lead_id,name,total_sessions,used_sessions,amount,status,created_at) VALUES ('bo_bc_1','clinica-estetica-premium-barcelona','sc_bc_05','Pack 5 sesiones láser',5,2,800,'active','2026-05-21T18:41:01.529Z');
INSERT INTO bonos (id,tenant_id,lead_id,name,total_sessions,used_sessions,amount,status,created_at) VALUES ('bo_bc_2','clinica-estetica-premium-barcelona','sc_bc_08','Pack 10 mesoterapia',10,4,1200,'active','2026-05-31T18:41:01.529Z');
DELETE FROM points_ledger WHERE tenant_id='clinica-londres' AND lead_id LIKE 'sc_ld_%';
DELETE FROM treatments_log WHERE tenant_id='clinica-londres' AND lead_id LIKE 'sc_ld_%';
DELETE FROM appointments WHERE tenant_id='clinica-londres' AND lead_id LIKE 'sc_ld_%';
DELETE FROM bonos WHERE tenant_id='clinica-londres' AND lead_id LIKE 'sc_ld_%';
DELETE FROM leads WHERE tenant_id='clinica-londres' AND source='seed-prueba';
INSERT INTO leads (id,tenant_id,name,phone,treatment,quiz_score,temperature,status,source,created_at,call_priority,recover_state,tags,chatted) VALUES ('sc_ld_00','clinica-londres','María García','632000000','Aumento de labios',40,'hot','new','seed-prueba','2026-06-09T18:41:01.529Z','none',NULL,'VIP',0);
INSERT INTO leads (id,tenant_id,name,phone,treatment,quiz_score,temperature,status,source,created_at,call_priority,recover_state,tags,chatted) VALUES ('sc_ld_01','clinica-londres','Laura Fernández','632000317','Botox (1 zona)',47,'warm','new','seed-prueba','2026-06-08T18:41:01.529Z','none',NULL,'',0);
INSERT INTO leads (id,tenant_id,name,phone,treatment,quiz_score,temperature,status,source,created_at,call_priority,recover_state,tags,chatted) VALUES ('sc_ld_02','clinica-londres','Carmen Ruiz','632000634','Láser facial',54,'cold','whatsapp','seed-prueba','2026-06-07T18:41:01.529Z','none',NULL,'',1);
INSERT INTO leads (id,tenant_id,name,phone,treatment,quiz_score,temperature,status,source,created_at,call_priority,recover_state,tags,chatted) VALUES ('sc_ld_03','clinica-londres','Ana Martín','632000951','Peeling químico',61,'hot','booked','seed-prueba','2026-06-06T18:41:01.529Z','none',NULL,'',1);
INSERT INTO leads (id,tenant_id,name,phone,treatment,quiz_score,temperature,status,source,created_at,call_priority,recover_state,tags,chatted) VALUES ('sc_ld_04','clinica-londres','Lucía López','632001268','Rinomodelación',68,'warm','booked','seed-prueba','2026-06-05T18:41:01.529Z','none',NULL,'',1);
INSERT INTO leads (id,tenant_id,name,phone,treatment,quiz_score,temperature,status,source,created_at,call_priority,recover_state,tags,chatted) VALUES ('sc_ld_05','clinica-londres','Paula Sánchez','632001585','Mesoterapia facial',75,'cold','attended','seed-prueba','2026-06-04T18:41:01.529Z','none',NULL,'',1);
INSERT INTO leads (id,tenant_id,name,phone,treatment,quiz_score,temperature,status,source,created_at,call_priority,recover_state,tags,chatted) VALUES ('sc_ld_06','clinica-londres','Sara Gómez','632001902','Aumento de labios',82,'hot','client','seed-prueba','2026-06-03T18:41:01.529Z','none',NULL,'',1);
INSERT INTO leads (id,tenant_id,name,phone,treatment,quiz_score,temperature,status,source,created_at,call_priority,recover_state,tags,chatted) VALUES ('sc_ld_07','clinica-londres','Marta Díaz','632002219','Botox (1 zona)',89,'warm','client','seed-prueba','2026-06-02T18:41:01.529Z','none',NULL,'Recurrente',1);
INSERT INTO leads (id,tenant_id,name,phone,treatment,quiz_score,temperature,status,source,created_at,call_priority,recover_state,tags,chatted) VALUES ('sc_ld_08','clinica-londres','Elena Moreno','632002536','Láser facial',96,'cold','client','seed-prueba','2026-06-01T18:41:01.529Z','none',NULL,'',1);
INSERT INTO leads (id,tenant_id,name,phone,treatment,quiz_score,temperature,status,source,created_at,call_priority,recover_state,tags,chatted) VALUES ('sc_ld_09','clinica-londres','Cristina Jiménez','632002853','Peeling químico',43,'hot','lost','seed-prueba','2026-05-31T18:41:01.529Z','none',NULL,'VIP',1);
INSERT INTO leads (id,tenant_id,name,phone,treatment,quiz_score,temperature,status,source,created_at,call_priority,recover_state,tags,chatted) VALUES ('sc_ld_10','clinica-londres','Sofía Álvarez','632003170','Rinomodelación',50,'warm','noshow','seed-prueba','2026-05-30T18:41:01.529Z','urgent','noshow','',1);
INSERT INTO leads (id,tenant_id,name,phone,treatment,quiz_score,temperature,status,source,created_at,call_priority,recover_state,tags,chatted) VALUES ('sc_ld_11','clinica-londres','Natalia Romero','632003487','Mesoterapia facial',57,'cold','new','seed-prueba','2026-05-29T18:41:01.529Z','none',NULL,'',0);
INSERT INTO leads (id,tenant_id,name,phone,treatment,quiz_score,temperature,status,source,created_at,call_priority,recover_state,tags,chatted) VALUES ('sc_ld_12','clinica-londres','Andrea Navarro','632003804','Aumento de labios',64,'hot','new','seed-prueba','2026-05-28T18:41:01.529Z','none',NULL,'',0);
INSERT INTO leads (id,tenant_id,name,phone,treatment,quiz_score,temperature,status,source,created_at,call_priority,recover_state,tags,chatted) VALUES ('sc_ld_13','clinica-londres','Beatriz Torres','632004121','Botox (1 zona)',71,'warm','whatsapp','seed-prueba','2026-05-27T18:41:01.529Z','none',NULL,'',1);
INSERT INTO leads (id,tenant_id,name,phone,treatment,quiz_score,temperature,status,source,created_at,call_priority,recover_state,tags,chatted) VALUES ('sc_ld_14','clinica-londres','Raquel Ramos','632004438','Láser facial',78,'cold','booked','seed-prueba','2026-05-26T18:41:01.529Z','none',NULL,'Recurrente',1);
INSERT INTO leads (id,tenant_id,name,phone,treatment,quiz_score,temperature,status,source,created_at,call_priority,recover_state,tags,chatted) VALUES ('sc_ld_15','clinica-londres','Patricia Gil','632004755','Peeling químico',85,'hot','booked','seed-prueba','2026-05-25T18:41:01.529Z','none',NULL,'',1);
INSERT INTO leads (id,tenant_id,name,phone,treatment,quiz_score,temperature,status,source,created_at,call_priority,recover_state,tags,chatted) VALUES ('sc_ld_16','clinica-londres','Nuria Serrano','632005072','Rinomodelación',92,'warm','attended','seed-prueba','2026-05-24T18:41:01.529Z','none',NULL,'',1);
INSERT INTO leads (id,tenant_id,name,phone,treatment,quiz_score,temperature,status,source,created_at,call_priority,recover_state,tags,chatted) VALUES ('sc_ld_17','clinica-londres','Silvia Castro','632005389','Mesoterapia facial',99,'cold','client','seed-prueba','2026-05-23T18:41:01.529Z','none',NULL,'',1);
INSERT INTO leads (id,tenant_id,name,phone,treatment,quiz_score,temperature,status,source,created_at,call_priority,recover_state,tags,chatted) VALUES ('sc_ld_18','clinica-londres','Eva Ortega','632005706','Aumento de labios',46,'hot','client','seed-prueba','2026-05-22T18:41:01.529Z','none',NULL,'VIP',1);
INSERT INTO leads (id,tenant_id,name,phone,treatment,quiz_score,temperature,status,source,created_at,call_priority,recover_state,tags,chatted) VALUES ('sc_ld_19','clinica-londres','Rocío Rubio','632006023','Botox (1 zona)',53,'warm','client','seed-prueba','2026-05-21T18:41:01.529Z','none',NULL,'',1);
INSERT INTO appointments (id,tenant_id,lead_id,treatment,date_iso,duration_min,status,confirmed,created_at) VALUES ('ap_ld_0','clinica-londres','sc_ld_00','Aumento de labios','2026-06-10T10:00',30,'attended',0,'2026-06-08T18:41:01.529Z');
INSERT INTO appointments (id,tenant_id,lead_id,treatment,date_iso,duration_min,status,confirmed,created_at) VALUES ('ap_ld_1','clinica-londres','sc_ld_01','Botox (1 zona)','2026-06-10T10:30',30,'attended',1,'2026-06-08T18:41:01.529Z');
INSERT INTO appointments (id,tenant_id,lead_id,treatment,date_iso,duration_min,status,confirmed,created_at) VALUES ('ap_ld_2','clinica-londres','sc_ld_02','Láser facial','2026-06-10T11:30',30,'attended',0,'2026-06-08T18:41:01.529Z');
INSERT INTO appointments (id,tenant_id,lead_id,treatment,date_iso,duration_min,status,confirmed,created_at) VALUES ('ap_ld_3','clinica-londres','sc_ld_03','Peeling químico','2026-06-10T12:30',30,'booked',1,'2026-06-08T18:41:01.529Z');
INSERT INTO appointments (id,tenant_id,lead_id,treatment,date_iso,duration_min,status,confirmed,created_at) VALUES ('ap_ld_4','clinica-londres','sc_ld_04','Rinomodelación','2026-06-10T16:00',30,'booked',0,'2026-06-08T18:41:01.529Z');
INSERT INTO appointments (id,tenant_id,lead_id,treatment,date_iso,duration_min,status,confirmed,created_at) VALUES ('ap_ld_5','clinica-londres','sc_ld_05','Mesoterapia facial','2026-06-10T17:00',30,'booked',1,'2026-06-08T18:41:01.529Z');
INSERT INTO appointments (id,tenant_id,lead_id,treatment,date_iso,duration_min,status,confirmed,created_at) VALUES ('ap_ld_6','clinica-londres','sc_ld_06','Aumento de labios','2026-06-10T18:00',30,'booked',0,'2026-06-08T18:41:01.529Z');
INSERT INTO appointments (id,tenant_id,lead_id,treatment,date_iso,duration_min,status,confirmed,created_at) VALUES ('ap_ld_7','clinica-londres','sc_ld_02','Láser facial','2026-06-11T11:00',30,'booked',0,'2026-06-09T18:41:01.529Z');
INSERT INTO appointments (id,tenant_id,lead_id,treatment,date_iso,duration_min,status,confirmed,created_at) VALUES ('ap_ld_8','clinica-londres','sc_ld_03','Peeling químico','2026-06-11T17:00',30,'booked',1,'2026-06-09T18:41:01.529Z');
INSERT INTO appointments (id,tenant_id,lead_id,treatment,date_iso,duration_min,status,confirmed,created_at) VALUES ('ap_ld_9','clinica-londres','sc_ld_04','Rinomodelación','2026-06-12T11:00',30,'booked',0,'2026-06-09T18:41:01.529Z');
INSERT INTO appointments (id,tenant_id,lead_id,treatment,date_iso,duration_min,status,confirmed,created_at) VALUES ('ap_ld_10','clinica-londres','sc_ld_05','Mesoterapia facial','2026-06-12T17:00',30,'booked',1,'2026-06-09T18:41:01.529Z');
INSERT INTO appointments (id,tenant_id,lead_id,treatment,date_iso,duration_min,status,confirmed,created_at) VALUES ('ap_ld_11','clinica-londres','sc_ld_06','Aumento de labios','2026-06-13T11:00',30,'booked',0,'2026-06-09T18:41:01.529Z');
INSERT INTO appointments (id,tenant_id,lead_id,treatment,date_iso,duration_min,status,confirmed,created_at) VALUES ('ap_ld_12','clinica-londres','sc_ld_07','Botox (1 zona)','2026-06-13T17:00',30,'booked',1,'2026-06-09T18:41:01.529Z');
INSERT INTO appointments (id,tenant_id,lead_id,treatment,date_iso,duration_min,status,confirmed,created_at) VALUES ('ap_ld_13','clinica-londres','sc_ld_08','Láser facial','2026-06-14T11:00',30,'booked',0,'2026-06-09T18:41:01.529Z');
INSERT INTO appointments (id,tenant_id,lead_id,treatment,date_iso,duration_min,status,confirmed,created_at) VALUES ('ap_ld_14','clinica-londres','sc_ld_09','Peeling químico','2026-06-14T17:00',30,'booked',1,'2026-06-09T18:41:01.529Z');
INSERT INTO appointments (id,tenant_id,lead_id,treatment,date_iso,duration_min,status,confirmed,created_at) VALUES ('ap_ld_15','clinica-londres','sc_ld_10','Rinomodelación','2026-06-15T11:00',30,'booked',0,'2026-06-09T18:41:01.529Z');
INSERT INTO appointments (id,tenant_id,lead_id,treatment,date_iso,duration_min,status,confirmed,created_at) VALUES ('ap_ld_16','clinica-londres','sc_ld_11','Mesoterapia facial','2026-06-15T17:00',30,'booked',1,'2026-06-09T18:41:01.529Z');
INSERT INTO treatments_log (id,tenant_id,lead_id,name,amount,pay_status,date_iso,method,cost) VALUES ('tl_ld_0','clinica-londres','sc_ld_00','Aumento de labios',350,'paid','2026-06-10T18:41:01.529Z','efectivo',45);
INSERT INTO points_ledger (id,tenant_id,lead_id,delta,reason,created_at) VALUES ('pl_ld_0','clinica-londres','sc_ld_00',350,'compra','2026-06-10T18:41:01.529Z');
INSERT INTO treatments_log (id,tenant_id,lead_id,name,amount,pay_status,date_iso,method,cost) VALUES ('tl_ld_1','clinica-londres','sc_ld_01','Botox (1 zona)',220,'paid','2026-06-10T18:41:01.529Z','tarjeta',60);
INSERT INTO points_ledger (id,tenant_id,lead_id,delta,reason,created_at) VALUES ('pl_ld_1','clinica-londres','sc_ld_01',220,'compra','2026-06-10T18:41:01.529Z');
INSERT INTO treatments_log (id,tenant_id,lead_id,name,amount,pay_status,date_iso,method,cost) VALUES ('tl_ld_2','clinica-londres','sc_ld_02','Láser facial',180,'paid','2026-06-10T18:41:01.529Z','tarjeta',10);
INSERT INTO points_ledger (id,tenant_id,lead_id,delta,reason,created_at) VALUES ('pl_ld_2','clinica-londres','sc_ld_02',180,'compra','2026-06-10T18:41:01.529Z');
INSERT INTO treatments_log (id,tenant_id,lead_id,name,amount,pay_status,date_iso,method,cost) VALUES ('tl_ld_3','clinica-londres','sc_ld_03','Peeling químico',120,'paid','2026-06-10T18:41:01.529Z','bizum',10);
INSERT INTO points_ledger (id,tenant_id,lead_id,delta,reason,created_at) VALUES ('pl_ld_3','clinica-londres','sc_ld_03',120,'compra','2026-06-10T18:41:01.529Z');
INSERT INTO treatments_log (id,tenant_id,lead_id,name,amount,pay_status,date_iso,method,cost) VALUES ('tl_ld_4','clinica-londres','sc_ld_04','Rinomodelación',450,'paid','2026-06-10T18:41:01.529Z','transferencia',45);
INSERT INTO points_ledger (id,tenant_id,lead_id,delta,reason,created_at) VALUES ('pl_ld_4','clinica-londres','sc_ld_04',450,'compra','2026-06-10T18:41:01.529Z');
INSERT INTO treatments_log (id,tenant_id,lead_id,name,amount,pay_status,date_iso,method,cost) VALUES ('tl_ld_5','clinica-londres','sc_ld_05','Mesoterapia facial',150,'paid','2026-06-10T18:41:01.529Z','efectivo',10);
INSERT INTO points_ledger (id,tenant_id,lead_id,delta,reason,created_at) VALUES ('pl_ld_5','clinica-londres','sc_ld_05',150,'compra','2026-06-10T18:41:01.529Z');
INSERT INTO treatments_log (id,tenant_id,lead_id,name,amount,pay_status,date_iso,method,cost) VALUES ('tl_ld_6','clinica-londres','sc_ld_06','Aumento de labios',350,'paid','2026-06-03T18:41:01.529Z','tarjeta',45);
INSERT INTO points_ledger (id,tenant_id,lead_id,delta,reason,created_at) VALUES ('pl_ld_6','clinica-londres','sc_ld_06',350,'compra','2026-06-03T18:41:01.529Z');
INSERT INTO treatments_log (id,tenant_id,lead_id,name,amount,pay_status,date_iso,method,cost) VALUES ('tl_ld_7','clinica-londres','sc_ld_07','Botox (1 zona)',220,'paid','2026-06-02T18:41:01.529Z','tarjeta',60);
INSERT INTO points_ledger (id,tenant_id,lead_id,delta,reason,created_at) VALUES ('pl_ld_7','clinica-londres','sc_ld_07',220,'compra','2026-06-02T18:41:01.529Z');
INSERT INTO treatments_log (id,tenant_id,lead_id,name,amount,pay_status,date_iso,method,cost) VALUES ('tl_ld_8','clinica-londres','sc_ld_08','Láser facial',180,'paid','2026-06-01T18:41:01.529Z','bizum',10);
INSERT INTO points_ledger (id,tenant_id,lead_id,delta,reason,created_at) VALUES ('pl_ld_8','clinica-londres','sc_ld_08',180,'compra','2026-06-01T18:41:01.529Z');
INSERT INTO treatments_log (id,tenant_id,lead_id,name,amount,pay_status,date_iso,method,cost) VALUES ('tl_ld_9','clinica-londres','sc_ld_09','Peeling químico',120,'paid','2026-05-31T18:41:01.529Z','transferencia',10);
INSERT INTO points_ledger (id,tenant_id,lead_id,delta,reason,created_at) VALUES ('pl_ld_9','clinica-londres','sc_ld_09',120,'compra','2026-05-31T18:41:01.529Z');
INSERT INTO treatments_log (id,tenant_id,lead_id,name,amount,pay_status,date_iso,method,cost) VALUES ('tl_ld_10','clinica-londres','sc_ld_10','Rinomodelación',450,'paid','2026-05-30T18:41:01.529Z','efectivo',45);
INSERT INTO points_ledger (id,tenant_id,lead_id,delta,reason,created_at) VALUES ('pl_ld_10','clinica-londres','sc_ld_10',450,'compra','2026-05-30T18:41:01.529Z');
INSERT INTO treatments_log (id,tenant_id,lead_id,name,amount,pay_status,date_iso,method,cost) VALUES ('tl_ld_11','clinica-londres','sc_ld_11','Mesoterapia facial',150,'paid','2026-05-29T18:41:01.529Z','tarjeta',10);
INSERT INTO points_ledger (id,tenant_id,lead_id,delta,reason,created_at) VALUES ('pl_ld_11','clinica-londres','sc_ld_11',150,'compra','2026-05-29T18:41:01.529Z');
INSERT INTO treatments_log (id,tenant_id,lead_id,name,amount,pay_status,date_iso,method,cost) VALUES ('tl_ld_12','clinica-londres','sc_ld_12','Aumento de labios',350,'paid','2026-05-28T18:41:01.529Z','tarjeta',45);
INSERT INTO points_ledger (id,tenant_id,lead_id,delta,reason,created_at) VALUES ('pl_ld_12','clinica-londres','sc_ld_12',350,'compra','2026-05-28T18:41:01.529Z');
INSERT INTO treatments_log (id,tenant_id,lead_id,name,amount,pay_status,date_iso,method,cost) VALUES ('tl_ld_13','clinica-londres','sc_ld_13','Botox (1 zona)',220,'paid','2026-05-27T18:41:01.529Z','bizum',60);
INSERT INTO points_ledger (id,tenant_id,lead_id,delta,reason,created_at) VALUES ('pl_ld_13','clinica-londres','sc_ld_13',220,'compra','2026-05-27T18:41:01.529Z');
INSERT INTO treatments_log (id,tenant_id,lead_id,name,amount,pay_status,date_iso,method,cost) VALUES ('tl_ld_14','clinica-londres','sc_ld_14','Láser facial',180,'paid','2026-05-26T18:41:01.529Z','transferencia',10);
INSERT INTO points_ledger (id,tenant_id,lead_id,delta,reason,created_at) VALUES ('pl_ld_14','clinica-londres','sc_ld_14',180,'compra','2026-05-26T18:41:01.529Z');
INSERT INTO treatments_log (id,tenant_id,lead_id,name,amount,pay_status,date_iso,method,cost) VALUES ('tl_ld_15','clinica-londres','sc_ld_15','Peeling químico',120,'paid','2026-05-25T18:41:01.529Z','efectivo',10);
INSERT INTO points_ledger (id,tenant_id,lead_id,delta,reason,created_at) VALUES ('pl_ld_15','clinica-londres','sc_ld_15',120,'compra','2026-05-25T18:41:01.529Z');
INSERT INTO points_ledger (id,tenant_id,lead_id,delta,reason,created_at) VALUES ('plb_ld_0','clinica-londres','sc_ld_00',100,'bienvenida','2026-06-09T18:41:01.529Z');
INSERT INTO points_ledger (id,tenant_id,lead_id,delta,reason,created_at) VALUES ('plb_ld_1','clinica-londres','sc_ld_01',100,'bienvenida','2026-06-08T18:41:01.529Z');
INSERT INTO points_ledger (id,tenant_id,lead_id,delta,reason,created_at) VALUES ('plb_ld_2','clinica-londres','sc_ld_02',100,'bienvenida','2026-06-07T18:41:01.529Z');
INSERT INTO points_ledger (id,tenant_id,lead_id,delta,reason,created_at) VALUES ('plb_ld_3','clinica-londres','sc_ld_03',100,'bienvenida','2026-06-06T18:41:01.529Z');
INSERT INTO points_ledger (id,tenant_id,lead_id,delta,reason,created_at) VALUES ('plb_ld_4','clinica-londres','sc_ld_04',100,'bienvenida','2026-06-05T18:41:01.529Z');
INSERT INTO points_ledger (id,tenant_id,lead_id,delta,reason,created_at) VALUES ('plb_ld_5','clinica-londres','sc_ld_05',100,'bienvenida','2026-06-04T18:41:01.529Z');
INSERT INTO points_ledger (id,tenant_id,lead_id,delta,reason,created_at) VALUES ('plb_ld_6','clinica-londres','sc_ld_06',100,'bienvenida','2026-06-03T18:41:01.529Z');
INSERT INTO points_ledger (id,tenant_id,lead_id,delta,reason,created_at) VALUES ('plb_ld_7','clinica-londres','sc_ld_07',100,'bienvenida','2026-06-02T18:41:01.529Z');
INSERT INTO points_ledger (id,tenant_id,lead_id,delta,reason,created_at) VALUES ('plb_ld_8','clinica-londres','sc_ld_08',100,'bienvenida','2026-06-01T18:41:01.529Z');
INSERT INTO points_ledger (id,tenant_id,lead_id,delta,reason,created_at) VALUES ('plb_ld_9','clinica-londres','sc_ld_09',100,'bienvenida','2026-05-31T18:41:01.529Z');
INSERT INTO points_ledger (id,tenant_id,lead_id,delta,reason,created_at) VALUES ('plb_ld_10','clinica-londres','sc_ld_10',100,'bienvenida','2026-05-30T18:41:01.529Z');
INSERT INTO points_ledger (id,tenant_id,lead_id,delta,reason,created_at) VALUES ('plb_ld_11','clinica-londres','sc_ld_11',100,'bienvenida','2026-05-29T18:41:01.529Z');
INSERT INTO bonos (id,tenant_id,lead_id,name,total_sessions,used_sessions,amount,status,created_at) VALUES ('bo_ld_1','clinica-londres','sc_ld_05','Pack 5 sesiones láser',5,2,800,'active','2026-05-21T18:41:01.529Z');
INSERT INTO bonos (id,tenant_id,lead_id,name,total_sessions,used_sessions,amount,status,created_at) VALUES ('bo_ld_2','clinica-londres','sc_ld_08','Pack 10 mesoterapia',10,4,1200,'active','2026-05-31T18:41:01.529Z');
DELETE FROM points_ledger WHERE tenant_id='clinica-qa' AND lead_id LIKE 'sc_qa_%';
DELETE FROM treatments_log WHERE tenant_id='clinica-qa' AND lead_id LIKE 'sc_qa_%';
DELETE FROM appointments WHERE tenant_id='clinica-qa' AND lead_id LIKE 'sc_qa_%';
DELETE FROM bonos WHERE tenant_id='clinica-qa' AND lead_id LIKE 'sc_qa_%';
DELETE FROM leads WHERE tenant_id='clinica-qa' AND source='seed-prueba';
INSERT INTO leads (id,tenant_id,name,phone,treatment,quiz_score,temperature,status,source,created_at,call_priority,recover_state,tags,chatted) VALUES ('sc_qa_00','clinica-qa','María García','633000000','Aumento de labios',40,'hot','new','seed-prueba','2026-06-09T18:41:01.529Z','none',NULL,'VIP',0);
INSERT INTO leads (id,tenant_id,name,phone,treatment,quiz_score,temperature,status,source,created_at,call_priority,recover_state,tags,chatted) VALUES ('sc_qa_01','clinica-qa','Laura Fernández','633000317','Botox (1 zona)',47,'warm','new','seed-prueba','2026-06-08T18:41:01.529Z','none',NULL,'',0);
INSERT INTO leads (id,tenant_id,name,phone,treatment,quiz_score,temperature,status,source,created_at,call_priority,recover_state,tags,chatted) VALUES ('sc_qa_02','clinica-qa','Carmen Ruiz','633000634','Láser facial',54,'cold','whatsapp','seed-prueba','2026-06-07T18:41:01.529Z','none',NULL,'',1);
INSERT INTO leads (id,tenant_id,name,phone,treatment,quiz_score,temperature,status,source,created_at,call_priority,recover_state,tags,chatted) VALUES ('sc_qa_03','clinica-qa','Ana Martín','633000951','Peeling químico',61,'hot','booked','seed-prueba','2026-06-06T18:41:01.529Z','none',NULL,'',1);
INSERT INTO leads (id,tenant_id,name,phone,treatment,quiz_score,temperature,status,source,created_at,call_priority,recover_state,tags,chatted) VALUES ('sc_qa_04','clinica-qa','Lucía López','633001268','Rinomodelación',68,'warm','booked','seed-prueba','2026-06-05T18:41:01.529Z','none',NULL,'',1);
INSERT INTO leads (id,tenant_id,name,phone,treatment,quiz_score,temperature,status,source,created_at,call_priority,recover_state,tags,chatted) VALUES ('sc_qa_05','clinica-qa','Paula Sánchez','633001585','Mesoterapia facial',75,'cold','attended','seed-prueba','2026-06-04T18:41:01.529Z','none',NULL,'',1);
INSERT INTO leads (id,tenant_id,name,phone,treatment,quiz_score,temperature,status,source,created_at,call_priority,recover_state,tags,chatted) VALUES ('sc_qa_06','clinica-qa','Sara Gómez','633001902','Aumento de labios',82,'hot','client','seed-prueba','2026-06-03T18:41:01.529Z','none',NULL,'',1);
INSERT INTO leads (id,tenant_id,name,phone,treatment,quiz_score,temperature,status,source,created_at,call_priority,recover_state,tags,chatted) VALUES ('sc_qa_07','clinica-qa','Marta Díaz','633002219','Botox (1 zona)',89,'warm','client','seed-prueba','2026-06-02T18:41:01.529Z','none',NULL,'Recurrente',1);
INSERT INTO leads (id,tenant_id,name,phone,treatment,quiz_score,temperature,status,source,created_at,call_priority,recover_state,tags,chatted) VALUES ('sc_qa_08','clinica-qa','Elena Moreno','633002536','Láser facial',96,'cold','client','seed-prueba','2026-06-01T18:41:01.529Z','none',NULL,'',1);
INSERT INTO leads (id,tenant_id,name,phone,treatment,quiz_score,temperature,status,source,created_at,call_priority,recover_state,tags,chatted) VALUES ('sc_qa_09','clinica-qa','Cristina Jiménez','633002853','Peeling químico',43,'hot','lost','seed-prueba','2026-05-31T18:41:01.529Z','none',NULL,'VIP',1);
INSERT INTO leads (id,tenant_id,name,phone,treatment,quiz_score,temperature,status,source,created_at,call_priority,recover_state,tags,chatted) VALUES ('sc_qa_10','clinica-qa','Sofía Álvarez','633003170','Rinomodelación',50,'warm','noshow','seed-prueba','2026-05-30T18:41:01.529Z','urgent','noshow','',1);
INSERT INTO leads (id,tenant_id,name,phone,treatment,quiz_score,temperature,status,source,created_at,call_priority,recover_state,tags,chatted) VALUES ('sc_qa_11','clinica-qa','Natalia Romero','633003487','Mesoterapia facial',57,'cold','new','seed-prueba','2026-05-29T18:41:01.529Z','none',NULL,'',0);
INSERT INTO leads (id,tenant_id,name,phone,treatment,quiz_score,temperature,status,source,created_at,call_priority,recover_state,tags,chatted) VALUES ('sc_qa_12','clinica-qa','Andrea Navarro','633003804','Aumento de labios',64,'hot','new','seed-prueba','2026-05-28T18:41:01.529Z','none',NULL,'',0);
INSERT INTO leads (id,tenant_id,name,phone,treatment,quiz_score,temperature,status,source,created_at,call_priority,recover_state,tags,chatted) VALUES ('sc_qa_13','clinica-qa','Beatriz Torres','633004121','Botox (1 zona)',71,'warm','whatsapp','seed-prueba','2026-05-27T18:41:01.529Z','none',NULL,'',1);
INSERT INTO leads (id,tenant_id,name,phone,treatment,quiz_score,temperature,status,source,created_at,call_priority,recover_state,tags,chatted) VALUES ('sc_qa_14','clinica-qa','Raquel Ramos','633004438','Láser facial',78,'cold','booked','seed-prueba','2026-05-26T18:41:01.529Z','none',NULL,'Recurrente',1);
INSERT INTO leads (id,tenant_id,name,phone,treatment,quiz_score,temperature,status,source,created_at,call_priority,recover_state,tags,chatted) VALUES ('sc_qa_15','clinica-qa','Patricia Gil','633004755','Peeling químico',85,'hot','booked','seed-prueba','2026-05-25T18:41:01.529Z','none',NULL,'',1);
INSERT INTO leads (id,tenant_id,name,phone,treatment,quiz_score,temperature,status,source,created_at,call_priority,recover_state,tags,chatted) VALUES ('sc_qa_16','clinica-qa','Nuria Serrano','633005072','Rinomodelación',92,'warm','attended','seed-prueba','2026-05-24T18:41:01.529Z','none',NULL,'',1);
INSERT INTO leads (id,tenant_id,name,phone,treatment,quiz_score,temperature,status,source,created_at,call_priority,recover_state,tags,chatted) VALUES ('sc_qa_17','clinica-qa','Silvia Castro','633005389','Mesoterapia facial',99,'cold','client','seed-prueba','2026-05-23T18:41:01.529Z','none',NULL,'',1);
INSERT INTO appointments (id,tenant_id,lead_id,treatment,date_iso,duration_min,status,confirmed,created_at) VALUES ('ap_qa_0','clinica-qa','sc_qa_00','Aumento de labios','2026-06-10T10:00',30,'attended',0,'2026-06-08T18:41:01.529Z');
INSERT INTO appointments (id,tenant_id,lead_id,treatment,date_iso,duration_min,status,confirmed,created_at) VALUES ('ap_qa_1','clinica-qa','sc_qa_01','Botox (1 zona)','2026-06-10T10:30',30,'attended',1,'2026-06-08T18:41:01.529Z');
INSERT INTO appointments (id,tenant_id,lead_id,treatment,date_iso,duration_min,status,confirmed,created_at) VALUES ('ap_qa_2','clinica-qa','sc_qa_02','Láser facial','2026-06-10T11:30',30,'attended',0,'2026-06-08T18:41:01.529Z');
INSERT INTO appointments (id,tenant_id,lead_id,treatment,date_iso,duration_min,status,confirmed,created_at) VALUES ('ap_qa_3','clinica-qa','sc_qa_03','Peeling químico','2026-06-10T12:30',30,'booked',1,'2026-06-08T18:41:01.529Z');
INSERT INTO appointments (id,tenant_id,lead_id,treatment,date_iso,duration_min,status,confirmed,created_at) VALUES ('ap_qa_4','clinica-qa','sc_qa_04','Rinomodelación','2026-06-10T16:00',30,'booked',0,'2026-06-08T18:41:01.529Z');
INSERT INTO appointments (id,tenant_id,lead_id,treatment,date_iso,duration_min,status,confirmed,created_at) VALUES ('ap_qa_5','clinica-qa','sc_qa_05','Mesoterapia facial','2026-06-10T17:00',30,'booked',1,'2026-06-08T18:41:01.529Z');
INSERT INTO appointments (id,tenant_id,lead_id,treatment,date_iso,duration_min,status,confirmed,created_at) VALUES ('ap_qa_6','clinica-qa','sc_qa_06','Aumento de labios','2026-06-10T18:00',30,'booked',0,'2026-06-08T18:41:01.529Z');
INSERT INTO appointments (id,tenant_id,lead_id,treatment,date_iso,duration_min,status,confirmed,created_at) VALUES ('ap_qa_7','clinica-qa','sc_qa_02','Láser facial','2026-06-11T11:00',30,'booked',0,'2026-06-09T18:41:01.529Z');
INSERT INTO appointments (id,tenant_id,lead_id,treatment,date_iso,duration_min,status,confirmed,created_at) VALUES ('ap_qa_8','clinica-qa','sc_qa_03','Peeling químico','2026-06-11T17:00',30,'booked',1,'2026-06-09T18:41:01.529Z');
INSERT INTO appointments (id,tenant_id,lead_id,treatment,date_iso,duration_min,status,confirmed,created_at) VALUES ('ap_qa_9','clinica-qa','sc_qa_04','Rinomodelación','2026-06-12T11:00',30,'booked',0,'2026-06-09T18:41:01.529Z');
INSERT INTO appointments (id,tenant_id,lead_id,treatment,date_iso,duration_min,status,confirmed,created_at) VALUES ('ap_qa_10','clinica-qa','sc_qa_05','Mesoterapia facial','2026-06-12T17:00',30,'booked',1,'2026-06-09T18:41:01.529Z');
INSERT INTO appointments (id,tenant_id,lead_id,treatment,date_iso,duration_min,status,confirmed,created_at) VALUES ('ap_qa_11','clinica-qa','sc_qa_06','Aumento de labios','2026-06-13T11:00',30,'booked',0,'2026-06-09T18:41:01.529Z');
INSERT INTO appointments (id,tenant_id,lead_id,treatment,date_iso,duration_min,status,confirmed,created_at) VALUES ('ap_qa_12','clinica-qa','sc_qa_07','Botox (1 zona)','2026-06-13T17:00',30,'booked',1,'2026-06-09T18:41:01.529Z');
INSERT INTO appointments (id,tenant_id,lead_id,treatment,date_iso,duration_min,status,confirmed,created_at) VALUES ('ap_qa_13','clinica-qa','sc_qa_08','Láser facial','2026-06-14T11:00',30,'booked',0,'2026-06-09T18:41:01.529Z');
INSERT INTO appointments (id,tenant_id,lead_id,treatment,date_iso,duration_min,status,confirmed,created_at) VALUES ('ap_qa_14','clinica-qa','sc_qa_09','Peeling químico','2026-06-14T17:00',30,'booked',1,'2026-06-09T18:41:01.529Z');
INSERT INTO appointments (id,tenant_id,lead_id,treatment,date_iso,duration_min,status,confirmed,created_at) VALUES ('ap_qa_15','clinica-qa','sc_qa_10','Rinomodelación','2026-06-15T11:00',30,'booked',0,'2026-06-09T18:41:01.529Z');
INSERT INTO appointments (id,tenant_id,lead_id,treatment,date_iso,duration_min,status,confirmed,created_at) VALUES ('ap_qa_16','clinica-qa','sc_qa_11','Mesoterapia facial','2026-06-15T17:00',30,'booked',1,'2026-06-09T18:41:01.529Z');
INSERT INTO treatments_log (id,tenant_id,lead_id,name,amount,pay_status,date_iso,method,cost) VALUES ('tl_qa_0','clinica-qa','sc_qa_00','Aumento de labios',350,'paid','2026-06-10T18:41:01.529Z','efectivo',45);
INSERT INTO points_ledger (id,tenant_id,lead_id,delta,reason,created_at) VALUES ('pl_qa_0','clinica-qa','sc_qa_00',350,'compra','2026-06-10T18:41:01.529Z');
INSERT INTO treatments_log (id,tenant_id,lead_id,name,amount,pay_status,date_iso,method,cost) VALUES ('tl_qa_1','clinica-qa','sc_qa_01','Botox (1 zona)',220,'paid','2026-06-10T18:41:01.529Z','tarjeta',60);
INSERT INTO points_ledger (id,tenant_id,lead_id,delta,reason,created_at) VALUES ('pl_qa_1','clinica-qa','sc_qa_01',220,'compra','2026-06-10T18:41:01.529Z');
INSERT INTO treatments_log (id,tenant_id,lead_id,name,amount,pay_status,date_iso,method,cost) VALUES ('tl_qa_2','clinica-qa','sc_qa_02','Láser facial',180,'paid','2026-06-10T18:41:01.529Z','tarjeta',10);
INSERT INTO points_ledger (id,tenant_id,lead_id,delta,reason,created_at) VALUES ('pl_qa_2','clinica-qa','sc_qa_02',180,'compra','2026-06-10T18:41:01.529Z');
INSERT INTO treatments_log (id,tenant_id,lead_id,name,amount,pay_status,date_iso,method,cost) VALUES ('tl_qa_3','clinica-qa','sc_qa_03','Peeling químico',120,'paid','2026-06-10T18:41:01.529Z','bizum',10);
INSERT INTO points_ledger (id,tenant_id,lead_id,delta,reason,created_at) VALUES ('pl_qa_3','clinica-qa','sc_qa_03',120,'compra','2026-06-10T18:41:01.529Z');
INSERT INTO treatments_log (id,tenant_id,lead_id,name,amount,pay_status,date_iso,method,cost) VALUES ('tl_qa_4','clinica-qa','sc_qa_04','Rinomodelación',450,'paid','2026-06-10T18:41:01.529Z','transferencia',45);
INSERT INTO points_ledger (id,tenant_id,lead_id,delta,reason,created_at) VALUES ('pl_qa_4','clinica-qa','sc_qa_04',450,'compra','2026-06-10T18:41:01.529Z');
INSERT INTO treatments_log (id,tenant_id,lead_id,name,amount,pay_status,date_iso,method,cost) VALUES ('tl_qa_5','clinica-qa','sc_qa_05','Mesoterapia facial',150,'paid','2026-06-10T18:41:01.529Z','efectivo',10);
INSERT INTO points_ledger (id,tenant_id,lead_id,delta,reason,created_at) VALUES ('pl_qa_5','clinica-qa','sc_qa_05',150,'compra','2026-06-10T18:41:01.529Z');
INSERT INTO treatments_log (id,tenant_id,lead_id,name,amount,pay_status,date_iso,method,cost) VALUES ('tl_qa_6','clinica-qa','sc_qa_06','Aumento de labios',350,'paid','2026-06-03T18:41:01.529Z','tarjeta',45);
INSERT INTO points_ledger (id,tenant_id,lead_id,delta,reason,created_at) VALUES ('pl_qa_6','clinica-qa','sc_qa_06',350,'compra','2026-06-03T18:41:01.529Z');
INSERT INTO treatments_log (id,tenant_id,lead_id,name,amount,pay_status,date_iso,method,cost) VALUES ('tl_qa_7','clinica-qa','sc_qa_07','Botox (1 zona)',220,'paid','2026-06-02T18:41:01.529Z','tarjeta',60);
INSERT INTO points_ledger (id,tenant_id,lead_id,delta,reason,created_at) VALUES ('pl_qa_7','clinica-qa','sc_qa_07',220,'compra','2026-06-02T18:41:01.529Z');
INSERT INTO treatments_log (id,tenant_id,lead_id,name,amount,pay_status,date_iso,method,cost) VALUES ('tl_qa_8','clinica-qa','sc_qa_08','Láser facial',180,'paid','2026-06-01T18:41:01.529Z','bizum',10);
INSERT INTO points_ledger (id,tenant_id,lead_id,delta,reason,created_at) VALUES ('pl_qa_8','clinica-qa','sc_qa_08',180,'compra','2026-06-01T18:41:01.529Z');
INSERT INTO treatments_log (id,tenant_id,lead_id,name,amount,pay_status,date_iso,method,cost) VALUES ('tl_qa_9','clinica-qa','sc_qa_09','Peeling químico',120,'paid','2026-05-31T18:41:01.529Z','transferencia',10);
INSERT INTO points_ledger (id,tenant_id,lead_id,delta,reason,created_at) VALUES ('pl_qa_9','clinica-qa','sc_qa_09',120,'compra','2026-05-31T18:41:01.529Z');
INSERT INTO treatments_log (id,tenant_id,lead_id,name,amount,pay_status,date_iso,method,cost) VALUES ('tl_qa_10','clinica-qa','sc_qa_10','Rinomodelación',450,'paid','2026-05-30T18:41:01.529Z','efectivo',45);
INSERT INTO points_ledger (id,tenant_id,lead_id,delta,reason,created_at) VALUES ('pl_qa_10','clinica-qa','sc_qa_10',450,'compra','2026-05-30T18:41:01.529Z');
INSERT INTO treatments_log (id,tenant_id,lead_id,name,amount,pay_status,date_iso,method,cost) VALUES ('tl_qa_11','clinica-qa','sc_qa_11','Mesoterapia facial',150,'paid','2026-05-29T18:41:01.529Z','tarjeta',10);
INSERT INTO points_ledger (id,tenant_id,lead_id,delta,reason,created_at) VALUES ('pl_qa_11','clinica-qa','sc_qa_11',150,'compra','2026-05-29T18:41:01.529Z');
INSERT INTO treatments_log (id,tenant_id,lead_id,name,amount,pay_status,date_iso,method,cost) VALUES ('tl_qa_12','clinica-qa','sc_qa_12','Aumento de labios',350,'paid','2026-05-28T18:41:01.529Z','tarjeta',45);
INSERT INTO points_ledger (id,tenant_id,lead_id,delta,reason,created_at) VALUES ('pl_qa_12','clinica-qa','sc_qa_12',350,'compra','2026-05-28T18:41:01.529Z');
INSERT INTO treatments_log (id,tenant_id,lead_id,name,amount,pay_status,date_iso,method,cost) VALUES ('tl_qa_13','clinica-qa','sc_qa_13','Botox (1 zona)',220,'paid','2026-05-27T18:41:01.529Z','bizum',60);
INSERT INTO points_ledger (id,tenant_id,lead_id,delta,reason,created_at) VALUES ('pl_qa_13','clinica-qa','sc_qa_13',220,'compra','2026-05-27T18:41:01.529Z');
INSERT INTO points_ledger (id,tenant_id,lead_id,delta,reason,created_at) VALUES ('plb_qa_0','clinica-qa','sc_qa_00',100,'bienvenida','2026-06-09T18:41:01.529Z');
INSERT INTO points_ledger (id,tenant_id,lead_id,delta,reason,created_at) VALUES ('plb_qa_1','clinica-qa','sc_qa_01',100,'bienvenida','2026-06-08T18:41:01.529Z');
INSERT INTO points_ledger (id,tenant_id,lead_id,delta,reason,created_at) VALUES ('plb_qa_2','clinica-qa','sc_qa_02',100,'bienvenida','2026-06-07T18:41:01.529Z');
INSERT INTO points_ledger (id,tenant_id,lead_id,delta,reason,created_at) VALUES ('plb_qa_3','clinica-qa','sc_qa_03',100,'bienvenida','2026-06-06T18:41:01.529Z');
INSERT INTO points_ledger (id,tenant_id,lead_id,delta,reason,created_at) VALUES ('plb_qa_4','clinica-qa','sc_qa_04',100,'bienvenida','2026-06-05T18:41:01.529Z');
INSERT INTO points_ledger (id,tenant_id,lead_id,delta,reason,created_at) VALUES ('plb_qa_5','clinica-qa','sc_qa_05',100,'bienvenida','2026-06-04T18:41:01.529Z');
INSERT INTO points_ledger (id,tenant_id,lead_id,delta,reason,created_at) VALUES ('plb_qa_6','clinica-qa','sc_qa_06',100,'bienvenida','2026-06-03T18:41:01.529Z');
INSERT INTO points_ledger (id,tenant_id,lead_id,delta,reason,created_at) VALUES ('plb_qa_7','clinica-qa','sc_qa_07',100,'bienvenida','2026-06-02T18:41:01.529Z');
INSERT INTO points_ledger (id,tenant_id,lead_id,delta,reason,created_at) VALUES ('plb_qa_8','clinica-qa','sc_qa_08',100,'bienvenida','2026-06-01T18:41:01.529Z');
INSERT INTO points_ledger (id,tenant_id,lead_id,delta,reason,created_at) VALUES ('plb_qa_9','clinica-qa','sc_qa_09',100,'bienvenida','2026-05-31T18:41:01.529Z');
INSERT INTO points_ledger (id,tenant_id,lead_id,delta,reason,created_at) VALUES ('plb_qa_10','clinica-qa','sc_qa_10',100,'bienvenida','2026-05-30T18:41:01.529Z');
INSERT INTO points_ledger (id,tenant_id,lead_id,delta,reason,created_at) VALUES ('plb_qa_11','clinica-qa','sc_qa_11',100,'bienvenida','2026-05-29T18:41:01.529Z');
INSERT INTO bonos (id,tenant_id,lead_id,name,total_sessions,used_sessions,amount,status,created_at) VALUES ('bo_qa_1','clinica-qa','sc_qa_05','Pack 5 sesiones láser',5,2,800,'active','2026-05-21T18:41:01.529Z');
INSERT INTO bonos (id,tenant_id,lead_id,name,total_sessions,used_sessions,amount,status,created_at) VALUES ('bo_qa_2','clinica-qa','sc_qa_08','Pack 10 mesoterapia',10,4,1200,'active','2026-05-31T18:41:01.529Z');
