DELETE FROM points_ledger WHERE tenant_id='glow-madrid' AND lead_id IN (SELECT id FROM leads WHERE tenant_id='glow-madrid' AND source='portal-seed');
DELETE FROM pack_orders WHERE tenant_id='glow-madrid' AND lead_id IN (SELECT id FROM leads WHERE tenant_id='glow-madrid' AND source='portal-seed');
DELETE FROM leads WHERE tenant_id='glow-madrid' AND source='portal-seed';
INSERT INTO leads (id,tenant_id,name,phone,temperature,status,source,created_at) VALUES ('ps_gm_00','glow-madrid','Inés Herrera','620000000','warm','client','portal-seed','2025-12-21T01:22:17.000Z');
INSERT INTO points_ledger (id,tenant_id,lead_id,delta,reason,created_at) VALUES ('pt_ps_gm_00_w','glow-madrid','ps_gm_00',100,'bienvenida','2025-12-21T01:22:17.000Z');
INSERT INTO points_ledger (id,tenant_id,lead_id,delta,reason,created_at) VALUES ('pt_ps_gm_00_0','glow-madrid','ps_gm_00',50,'cumpleaños','2026-03-26T10:22:17.000Z');
INSERT INTO points_ledger (id,tenant_id,lead_id,delta,reason,created_at) VALUES ('pt_ps_gm_00_1','glow-madrid','ps_gm_00',25,'checkin','2026-03-12T05:22:17.000Z');
INSERT INTO points_ledger (id,tenant_id,lead_id,delta,reason,created_at) VALUES ('pt_ps_gm_00_2','glow-madrid','ps_gm_00',80,'compra','2026-05-21T12:22:17.000Z');
INSERT INTO points_ledger (id,tenant_id,lead_id,delta,reason,created_at) VALUES ('pt_ps_gm_00_3','glow-madrid','ps_gm_00',80,'bienvenida','2026-05-29T06:22:17.000Z');
INSERT INTO pack_orders (id,tenant_id,lead_id,pack_id,pack_name,amount,status,method,created_at) VALUES ('po_ps_gm_00','glow-madrid','ps_gm_00','pkg_gm3','Club Glow',45,'reserved','portal','2026-05-02T10:22:17.000Z');
INSERT INTO leads (id,tenant_id,name,phone,temperature,status,source,created_at) VALUES ('ps_gm_01','glow-madrid','Sofía Álvarez','620000317','warm','client','portal-seed','2026-05-25T04:22:17.000Z');
INSERT INTO points_ledger (id,tenant_id,lead_id,delta,reason,created_at) VALUES ('pt_ps_gm_01_w','glow-madrid','ps_gm_01',100,'bienvenida','2026-05-25T04:22:17.000Z');
INSERT INTO points_ledger (id,tenant_id,lead_id,delta,reason,created_at) VALUES ('pt_ps_gm_01_0','glow-madrid','ps_gm_01',25,'cumpleaños','2026-05-30T01:22:17.000Z');
INSERT INTO points_ledger (id,tenant_id,lead_id,delta,reason,created_at) VALUES ('pt_ps_gm_01_1','glow-madrid','ps_gm_01',80,'referido','2026-02-16T07:22:17.000Z');
INSERT INTO points_ledger (id,tenant_id,lead_id,delta,reason,created_at) VALUES ('pt_ps_gm_01_2','glow-madrid','ps_gm_01',200,'checkin','2026-03-11T16:22:17.000Z');
INSERT INTO points_ledger (id,tenant_id,lead_id,delta,reason,created_at) VALUES ('pt_ps_gm_01_3','glow-madrid','ps_gm_01',25,'checkin','2026-03-03T09:22:17.000Z');
INSERT INTO points_ledger (id,tenant_id,lead_id,delta,reason,created_at) VALUES ('pt_ps_gm_01_4','glow-madrid','ps_gm_01',25,'checkin','2026-02-19T15:22:17.000Z');
INSERT INTO leads (id,tenant_id,name,phone,temperature,status,source,created_at) VALUES ('ps_gm_02','glow-madrid','Carmen Ruiz','620000634','warm','client','portal-seed','2026-02-08T22:22:17.000Z');
INSERT INTO points_ledger (id,tenant_id,lead_id,delta,reason,created_at) VALUES ('pt_ps_gm_02_w','glow-madrid','ps_gm_02',100,'bienvenida','2026-02-08T22:22:17.000Z');
INSERT INTO points_ledger (id,tenant_id,lead_id,delta,reason,created_at) VALUES ('pt_ps_gm_02_0','glow-madrid','ps_gm_02',50,'compra','2026-04-25T12:22:17.000Z');
INSERT INTO points_ledger (id,tenant_id,lead_id,delta,reason,created_at) VALUES ('pt_ps_gm_02_1','glow-madrid','ps_gm_02',80,'bienvenida','2026-03-23T22:22:17.000Z');
INSERT INTO points_ledger (id,tenant_id,lead_id,delta,reason,created_at) VALUES ('pt_ps_gm_02_2','glow-madrid','ps_gm_02',50,'referido','2026-03-08T11:22:17.000Z');
INSERT INTO pack_orders (id,tenant_id,lead_id,pack_id,pack_name,amount,status,method,created_at) VALUES ('po_ps_gm_02','glow-madrid','ps_gm_02','pkg_gm3','Club Glow',45,'reserved','portal','2026-05-22T22:22:17.000Z');
INSERT INTO leads (id,tenant_id,name,phone,temperature,status,source,created_at) VALUES ('ps_gm_03','glow-madrid','Raquel Ramos','620000951','warm','client','portal-seed','2026-01-14T11:22:17.000Z');
INSERT INTO points_ledger (id,tenant_id,lead_id,delta,reason,created_at) VALUES ('pt_ps_gm_03_w','glow-madrid','ps_gm_03',100,'bienvenida','2026-01-14T11:22:17.000Z');
INSERT INTO points_ledger (id,tenant_id,lead_id,delta,reason,created_at) VALUES ('pt_ps_gm_03_0','glow-madrid','ps_gm_03',25,'checkin','2026-02-24T17:22:17.000Z');
INSERT INTO points_ledger (id,tenant_id,lead_id,delta,reason,created_at) VALUES ('pt_ps_gm_03_1','glow-madrid','ps_gm_03',80,'cumpleaños','2026-05-06T16:22:17.000Z');
INSERT INTO points_ledger (id,tenant_id,lead_id,delta,reason,created_at) VALUES ('pt_ps_gm_03_2','glow-madrid','ps_gm_03',50,'referido','2026-02-17T08:22:17.000Z');
INSERT INTO pack_orders (id,tenant_id,lead_id,pack_id,pack_name,amount,status,method,created_at) VALUES ('po_ps_gm_03','glow-madrid','ps_gm_03','pkg_gm3','Club Glow',45,'reserved','portal','2026-05-14T22:22:17.000Z');
INSERT INTO leads (id,tenant_id,name,phone,temperature,status,source,created_at) VALUES ('ps_gm_04','glow-madrid','Valeria Ortiz','620001268','warm','client','portal-seed','2026-02-08T14:22:17.000Z');
INSERT INTO points_ledger (id,tenant_id,lead_id,delta,reason,created_at) VALUES ('pt_ps_gm_04_w','glow-madrid','ps_gm_04',100,'bienvenida','2026-02-08T14:22:17.000Z');
INSERT INTO points_ledger (id,tenant_id,lead_id,delta,reason,created_at) VALUES ('pt_ps_gm_04_0','glow-madrid','ps_gm_04',50,'checkin','2026-03-06T01:22:17.000Z');
INSERT INTO points_ledger (id,tenant_id,lead_id,delta,reason,created_at) VALUES ('pt_ps_gm_04_1','glow-madrid','ps_gm_04',200,'compra','2026-03-06T00:22:17.000Z');
INSERT INTO points_ledger (id,tenant_id,lead_id,delta,reason,created_at) VALUES ('pt_ps_gm_04_2','glow-madrid','ps_gm_04',120,'referido','2026-04-19T07:22:17.000Z');
INSERT INTO pack_orders (id,tenant_id,lead_id,pack_id,pack_name,amount,status,method,created_at) VALUES ('po_ps_gm_04','glow-madrid','ps_gm_04','pkg_gm1','Bono 3 láser facial',420,'reserved','portal','2026-05-08T03:22:17.000Z');
INSERT INTO leads (id,tenant_id,name,phone,temperature,status,source,created_at) VALUES ('ps_gm_05','glow-madrid','Noelia Iglesias','620001585','warm','client','portal-seed','2026-05-13T17:22:17.000Z');
INSERT INTO points_ledger (id,tenant_id,lead_id,delta,reason,created_at) VALUES ('pt_ps_gm_05_w','glow-madrid','ps_gm_05',100,'bienvenida','2026-05-13T17:22:17.000Z');
INSERT INTO points_ledger (id,tenant_id,lead_id,delta,reason,created_at) VALUES ('pt_ps_gm_05_0','glow-madrid','ps_gm_05',50,'checkin','2026-02-28T05:22:17.000Z');
INSERT INTO leads (id,tenant_id,name,phone,temperature,status,source,created_at) VALUES ('ps_gm_06','glow-madrid','Rocío Rubio','620001902','warm','client','portal-seed','2026-02-27T06:22:17.000Z');
INSERT INTO points_ledger (id,tenant_id,lead_id,delta,reason,created_at) VALUES ('pt_ps_gm_06_w','glow-madrid','ps_gm_06',100,'bienvenida','2026-02-27T06:22:17.000Z');
INSERT INTO points_ledger (id,tenant_id,lead_id,delta,reason,created_at) VALUES ('pt_ps_gm_06_0','glow-madrid','ps_gm_06',120,'referido','2026-05-08T01:22:17.000Z');
INSERT INTO points_ledger (id,tenant_id,lead_id,delta,reason,created_at) VALUES ('pt_ps_gm_06_1','glow-madrid','ps_gm_06',25,'bienvenida','2026-03-14T01:22:17.000Z');
INSERT INTO points_ledger (id,tenant_id,lead_id,delta,reason,created_at) VALUES ('pt_ps_gm_06_2','glow-madrid','ps_gm_06',80,'compra','2026-05-26T09:22:17.000Z');
INSERT INTO points_ledger (id,tenant_id,lead_id,delta,reason,created_at) VALUES ('pt_ps_gm_06_3','glow-madrid','ps_gm_06',120,'checkin','2026-04-12T18:22:17.000Z');
INSERT INTO points_ledger (id,tenant_id,lead_id,delta,reason,created_at) VALUES ('pt_ps_gm_06_4','glow-madrid','ps_gm_06',80,'referido','2026-03-04T13:22:17.000Z');
INSERT INTO leads (id,tenant_id,name,phone,temperature,status,source,created_at) VALUES ('ps_gm_07','glow-madrid','Sara Gómez','620002219','warm','client','portal-seed','2026-05-08T22:22:17.000Z');
INSERT INTO points_ledger (id,tenant_id,lead_id,delta,reason,created_at) VALUES ('pt_ps_gm_07_w','glow-madrid','ps_gm_07',100,'bienvenida','2026-05-08T22:22:17.000Z');
INSERT INTO points_ledger (id,tenant_id,lead_id,delta,reason,created_at) VALUES ('pt_ps_gm_07_0','glow-madrid','ps_gm_07',200,'referido','2026-05-15T14:22:17.000Z');
INSERT INTO points_ledger (id,tenant_id,lead_id,delta,reason,created_at) VALUES ('pt_ps_gm_07_1','glow-madrid','ps_gm_07',80,'checkin','2026-04-01T02:22:17.000Z');
INSERT INTO points_ledger (id,tenant_id,lead_id,delta,reason,created_at) VALUES ('pt_ps_gm_07_2','glow-madrid','ps_gm_07',25,'referido','2026-04-29T03:22:17.000Z');
INSERT INTO pack_orders (id,tenant_id,lead_id,pack_id,pack_name,amount,status,method,created_at) VALUES ('po_ps_gm_07','glow-madrid','ps_gm_07','pkg_gm3','Club Glow',45,'reserved','portal','2026-04-14T09:22:17.000Z');
INSERT INTO leads (id,tenant_id,name,phone,temperature,status,source,created_at) VALUES ('ps_gm_08','glow-madrid','Carla Ramírez','620002536','warm','client','portal-seed','2026-04-05T17:22:17.000Z');
INSERT INTO points_ledger (id,tenant_id,lead_id,delta,reason,created_at) VALUES ('pt_ps_gm_08_w','glow-madrid','ps_gm_08',100,'bienvenida','2026-04-05T17:22:17.000Z');
INSERT INTO points_ledger (id,tenant_id,lead_id,delta,reason,created_at) VALUES ('pt_ps_gm_08_0','glow-madrid','ps_gm_08',200,'bienvenida','2026-05-30T03:22:17.000Z');
INSERT INTO points_ledger (id,tenant_id,lead_id,delta,reason,created_at) VALUES ('pt_ps_gm_08_1','glow-madrid','ps_gm_08',25,'referido','2026-03-03T14:22:17.000Z');
INSERT INTO pack_orders (id,tenant_id,lead_id,pack_id,pack_name,amount,status,method,created_at) VALUES ('po_ps_gm_08','glow-madrid','ps_gm_08','pkg_gm3','Club Glow',45,'reserved','portal','2026-05-05T13:22:17.000Z');
INSERT INTO leads (id,tenant_id,name,phone,temperature,status,source,created_at) VALUES ('ps_gm_09','glow-madrid','Alba Molina','620002853','warm','client','portal-seed','2026-03-30T02:22:17.000Z');
INSERT INTO points_ledger (id,tenant_id,lead_id,delta,reason,created_at) VALUES ('pt_ps_gm_09_w','glow-madrid','ps_gm_09',100,'bienvenida','2026-03-30T02:22:17.000Z');
INSERT INTO points_ledger (id,tenant_id,lead_id,delta,reason,created_at) VALUES ('pt_ps_gm_09_0','glow-madrid','ps_gm_09',120,'checkin','2026-02-11T01:22:17.000Z');
INSERT INTO points_ledger (id,tenant_id,lead_id,delta,reason,created_at) VALUES ('pt_ps_gm_09_1','glow-madrid','ps_gm_09',50,'compra','2026-04-18T22:22:17.000Z');
INSERT INTO points_ledger (id,tenant_id,lead_id,delta,reason,created_at) VALUES ('pt_ps_gm_09_2','glow-madrid','ps_gm_09',80,'cumpleaños','2026-02-14T02:22:17.000Z');
INSERT INTO points_ledger (id,tenant_id,lead_id,delta,reason,created_at) VALUES ('pt_ps_gm_09_3','glow-madrid','ps_gm_09',120,'bienvenida','2026-05-09T11:22:17.000Z');
INSERT INTO points_ledger (id,tenant_id,lead_id,delta,reason,created_at) VALUES ('pt_ps_gm_09_4','glow-madrid','ps_gm_09',25,'compra','2026-06-07T00:22:17.000Z');
INSERT INTO leads (id,tenant_id,name,phone,temperature,status,source,created_at) VALUES ('ps_gm_10','glow-madrid','Clara Ortiz','620003170','warm','client','portal-seed','2026-01-06T11:22:17.000Z');
INSERT INTO points_ledger (id,tenant_id,lead_id,delta,reason,created_at) VALUES ('pt_ps_gm_10_w','glow-madrid','ps_gm_10',100,'bienvenida','2026-01-06T11:22:17.000Z');
INSERT INTO points_ledger (id,tenant_id,lead_id,delta,reason,created_at) VALUES ('pt_ps_gm_10_0','glow-madrid','ps_gm_10',25,'bienvenida','2026-05-11T16:22:17.000Z');
INSERT INTO leads (id,tenant_id,name,phone,temperature,status,source,created_at) VALUES ('ps_gm_11','glow-madrid','Nuria Serrano','620003487','warm','client','portal-seed','2026-03-13T16:22:17.000Z');
INSERT INTO points_ledger (id,tenant_id,lead_id,delta,reason,created_at) VALUES ('pt_ps_gm_11_w','glow-madrid','ps_gm_11',100,'bienvenida','2026-03-13T16:22:17.000Z');
INSERT INTO points_ledger (id,tenant_id,lead_id,delta,reason,created_at) VALUES ('pt_ps_gm_11_0','glow-madrid','ps_gm_11',50,'compra','2026-03-16T03:22:17.000Z');
INSERT INTO points_ledger (id,tenant_id,lead_id,delta,reason,created_at) VALUES ('pt_ps_gm_11_1','glow-madrid','ps_gm_11',50,'referido','2026-05-24T00:22:17.000Z');
INSERT INTO points_ledger (id,tenant_id,lead_id,delta,reason,created_at) VALUES ('pt_ps_gm_11_2','glow-madrid','ps_gm_11',200,'cumpleaños','2026-05-09T03:22:17.000Z');
INSERT INTO points_ledger (id,tenant_id,lead_id,delta,reason,created_at) VALUES ('pt_ps_gm_11_3','glow-madrid','ps_gm_11',120,'checkin','2026-05-28T15:22:17.000Z');
INSERT INTO points_ledger (id,tenant_id,lead_id,delta,reason,created_at) VALUES ('pt_ps_gm_11_4','glow-madrid','ps_gm_11',120,'compra','2026-04-16T05:22:17.000Z');
INSERT INTO leads (id,tenant_id,name,phone,temperature,status,source,created_at) VALUES ('ps_gm_12','glow-madrid','Paula Sánchez','620003804','warm','client','portal-seed','2026-05-22T22:22:17.000Z');
INSERT INTO points_ledger (id,tenant_id,lead_id,delta,reason,created_at) VALUES ('pt_ps_gm_12_w','glow-madrid','ps_gm_12',100,'bienvenida','2026-05-22T22:22:17.000Z');
INSERT INTO points_ledger (id,tenant_id,lead_id,delta,reason,created_at) VALUES ('pt_ps_gm_12_0','glow-madrid','ps_gm_12',25,'cumpleaños','2026-03-08T08:22:17.000Z');
INSERT INTO leads (id,tenant_id,name,phone,temperature,status,source,created_at) VALUES ('ps_gm_13','glow-madrid','Laura Fernández','620004121','warm','client','portal-seed','2026-05-09T11:22:17.000Z');
INSERT INTO points_ledger (id,tenant_id,lead_id,delta,reason,created_at) VALUES ('pt_ps_gm_13_w','glow-madrid','ps_gm_13',100,'bienvenida','2026-05-09T11:22:17.000Z');
INSERT INTO points_ledger (id,tenant_id,lead_id,delta,reason,created_at) VALUES ('pt_ps_gm_13_0','glow-madrid','ps_gm_13',50,'referido','2026-04-13T14:22:17.000Z');
INSERT INTO points_ledger (id,tenant_id,lead_id,delta,reason,created_at) VALUES ('pt_ps_gm_13_1','glow-madrid','ps_gm_13',120,'checkin','2026-05-05T04:22:17.000Z');
INSERT INTO pack_orders (id,tenant_id,lead_id,pack_id,pack_name,amount,status,method,created_at) VALUES ('po_ps_gm_13','glow-madrid','ps_gm_13','pkg_gm1','Bono 3 láser facial',420,'reserved','portal','2026-05-12T01:22:17.000Z');
INSERT INTO leads (id,tenant_id,name,phone,temperature,status,source,created_at) VALUES ('ps_gm_14','glow-madrid','Pilar Peña','620004438','warm','client','portal-seed','2026-05-11T17:22:17.000Z');
INSERT INTO points_ledger (id,tenant_id,lead_id,delta,reason,created_at) VALUES ('pt_ps_gm_14_w','glow-madrid','ps_gm_14',100,'bienvenida','2026-05-11T17:22:17.000Z');
INSERT INTO points_ledger (id,tenant_id,lead_id,delta,reason,created_at) VALUES ('pt_ps_gm_14_0','glow-madrid','ps_gm_14',25,'bienvenida','2026-02-11T11:22:17.000Z');
INSERT INTO points_ledger (id,tenant_id,lead_id,delta,reason,created_at) VALUES ('pt_ps_gm_14_1','glow-madrid','ps_gm_14',50,'cumpleaños','2026-04-08T03:22:17.000Z');
INSERT INTO points_ledger (id,tenant_id,lead_id,delta,reason,created_at) VALUES ('pt_ps_gm_14_2','glow-madrid','ps_gm_14',50,'cumpleaños','2026-02-14T17:22:17.000Z');
INSERT INTO points_ledger (id,tenant_id,lead_id,delta,reason,created_at) VALUES ('pt_ps_gm_14_3','glow-madrid','ps_gm_14',50,'cumpleaños','2026-06-09T06:22:17.000Z');
INSERT INTO points_ledger (id,tenant_id,lead_id,delta,reason,created_at) VALUES ('pt_ps_gm_14_4','glow-madrid','ps_gm_14',80,'cumpleaños','2026-05-04T05:22:17.000Z');
INSERT INTO leads (id,tenant_id,name,phone,temperature,status,source,created_at) VALUES ('ps_gm_15','glow-madrid','Lucía López','620004755','warm','client','portal-seed','2026-01-14T03:22:17.000Z');
INSERT INTO points_ledger (id,tenant_id,lead_id,delta,reason,created_at) VALUES ('pt_ps_gm_15_w','glow-madrid','ps_gm_15',100,'bienvenida','2026-01-14T03:22:17.000Z');
INSERT INTO points_ledger (id,tenant_id,lead_id,delta,reason,created_at) VALUES ('pt_ps_gm_15_0','glow-madrid','ps_gm_15',50,'compra','2026-05-13T17:22:17.000Z');
INSERT INTO points_ledger (id,tenant_id,lead_id,delta,reason,created_at) VALUES ('pt_ps_gm_15_1','glow-madrid','ps_gm_15',200,'referido','2026-06-02T08:22:17.000Z');
INSERT INTO pack_orders (id,tenant_id,lead_id,pack_id,pack_name,amount,status,method,created_at) VALUES ('po_ps_gm_15','glow-madrid','ps_gm_15','pkg_gm3','Club Glow',45,'reserved','portal','2026-05-08T02:22:17.000Z');
INSERT INTO leads (id,tenant_id,name,phone,temperature,status,source,created_at) VALUES ('ps_gm_16','glow-madrid','Ángela Prieto','620005072','warm','client','portal-seed','2026-04-26T17:22:17.000Z');
INSERT INTO points_ledger (id,tenant_id,lead_id,delta,reason,created_at) VALUES ('pt_ps_gm_16_w','glow-madrid','ps_gm_16',100,'bienvenida','2026-04-26T17:22:17.000Z');
INSERT INTO points_ledger (id,tenant_id,lead_id,delta,reason,created_at) VALUES ('pt_ps_gm_16_0','glow-madrid','ps_gm_16',25,'checkin','2026-05-31T23:22:17.000Z');
INSERT INTO points_ledger (id,tenant_id,lead_id,delta,reason,created_at) VALUES ('pt_ps_gm_16_1','glow-madrid','ps_gm_16',25,'checkin','2026-04-19T15:22:17.000Z');
INSERT INTO points_ledger (id,tenant_id,lead_id,delta,reason,created_at) VALUES ('pt_ps_gm_16_2','glow-madrid','ps_gm_16',200,'checkin','2026-03-26T23:22:17.000Z');
INSERT INTO points_ledger (id,tenant_id,lead_id,delta,reason,created_at) VALUES ('pt_ps_gm_16_3','glow-madrid','ps_gm_16',25,'referido','2026-05-30T05:22:17.000Z');
INSERT INTO points_ledger (id,tenant_id,lead_id,delta,reason,created_at) VALUES ('pt_ps_gm_16_4','glow-madrid','ps_gm_16',200,'referido','2026-04-04T08:22:17.000Z');
INSERT INTO leads (id,tenant_id,name,phone,temperature,status,source,created_at) VALUES ('ps_gm_17','glow-madrid','Marina Suárez','620005389','warm','client','portal-seed','2026-04-14T08:22:17.000Z');
INSERT INTO points_ledger (id,tenant_id,lead_id,delta,reason,created_at) VALUES ('pt_ps_gm_17_w','glow-madrid','ps_gm_17',100,'bienvenida','2026-04-14T08:22:17.000Z');
INSERT INTO points_ledger (id,tenant_id,lead_id,delta,reason,created_at) VALUES ('pt_ps_gm_17_0','glow-madrid','ps_gm_17',80,'cumpleaños','2026-05-23T22:22:17.000Z');
INSERT INTO points_ledger (id,tenant_id,lead_id,delta,reason,created_at) VALUES ('pt_ps_gm_17_1','glow-madrid','ps_gm_17',80,'cumpleaños','2026-04-30T16:22:17.000Z');
INSERT INTO pack_orders (id,tenant_id,lead_id,pack_id,pack_name,amount,status,method,created_at) VALUES ('po_ps_gm_17','glow-madrid','ps_gm_17','pkg_gm1','Bono 3 láser facial',420,'reserved','portal','2026-06-05T01:22:17.000Z');
INSERT INTO leads (id,tenant_id,name,phone,temperature,status,source,created_at) VALUES ('ps_gm_18','glow-madrid','Silvia Castro','620005706','warm','client','portal-seed','2026-04-12T02:22:17.000Z');
INSERT INTO points_ledger (id,tenant_id,lead_id,delta,reason,created_at) VALUES ('pt_ps_gm_18_w','glow-madrid','ps_gm_18',100,'bienvenida','2026-04-12T02:22:17.000Z');
INSERT INTO points_ledger (id,tenant_id,lead_id,delta,reason,created_at) VALUES ('pt_ps_gm_18_0','glow-madrid','ps_gm_18',50,'compra','2026-02-17T16:22:17.000Z');
INSERT INTO points_ledger (id,tenant_id,lead_id,delta,reason,created_at) VALUES ('pt_ps_gm_18_1','glow-madrid','ps_gm_18',50,'compra','2026-05-04T13:22:17.000Z');
INSERT INTO points_ledger (id,tenant_id,lead_id,delta,reason,created_at) VALUES ('pt_ps_gm_18_2','glow-madrid','ps_gm_18',120,'referido','2026-03-11T09:22:17.000Z');
INSERT INTO leads (id,tenant_id,name,phone,temperature,status,source,created_at) VALUES ('ps_gm_19','glow-madrid','Natalia Romero','620006023','warm','client','portal-seed','2025-12-20T02:22:17.000Z');
INSERT INTO points_ledger (id,tenant_id,lead_id,delta,reason,created_at) VALUES ('pt_ps_gm_19_w','glow-madrid','ps_gm_19',100,'bienvenida','2025-12-20T02:22:17.000Z');
INSERT INTO points_ledger (id,tenant_id,lead_id,delta,reason,created_at) VALUES ('pt_ps_gm_19_0','glow-madrid','ps_gm_19',200,'compra','2026-02-10T15:22:17.000Z');
INSERT INTO leads (id,tenant_id,name,phone,temperature,status,source,created_at) VALUES ('ps_gm_20','glow-madrid','Sandra Cabrera','620006340','warm','client','portal-seed','2026-05-02T10:22:17.000Z');
INSERT INTO points_ledger (id,tenant_id,lead_id,delta,reason,created_at) VALUES ('pt_ps_gm_20_w','glow-madrid','ps_gm_20',100,'bienvenida','2026-05-02T10:22:17.000Z');
INSERT INTO points_ledger (id,tenant_id,lead_id,delta,reason,created_at) VALUES ('pt_ps_gm_20_0','glow-madrid','ps_gm_20',25,'referido','2026-05-21T10:22:17.000Z');
INSERT INTO pack_orders (id,tenant_id,lead_id,pack_id,pack_name,amount,status,method,created_at) VALUES ('po_ps_gm_20','glow-madrid','ps_gm_20','pkg_gm1','Bono 3 láser facial',420,'reserved','portal','2026-04-25T08:22:17.000Z');
INSERT INTO leads (id,tenant_id,name,phone,temperature,status,source,created_at) VALUES ('ps_gm_21','glow-madrid','Julia Morales','620006657','warm','client','portal-seed','2026-04-13T22:22:17.000Z');
INSERT INTO points_ledger (id,tenant_id,lead_id,delta,reason,created_at) VALUES ('pt_ps_gm_21_w','glow-madrid','ps_gm_21',100,'bienvenida','2026-04-13T22:22:17.000Z');
INSERT INTO points_ledger (id,tenant_id,lead_id,delta,reason,created_at) VALUES ('pt_ps_gm_21_0','glow-madrid','ps_gm_21',200,'cumpleaños','2026-05-08T17:22:17.000Z');
INSERT INTO points_ledger (id,tenant_id,lead_id,delta,reason,created_at) VALUES ('pt_ps_gm_21_1','glow-madrid','ps_gm_21',25,'cumpleaños','2026-02-23T10:22:17.000Z');
INSERT INTO points_ledger (id,tenant_id,lead_id,delta,reason,created_at) VALUES ('pt_ps_gm_21_2','glow-madrid','ps_gm_21',25,'bienvenida','2026-04-28T14:22:17.000Z');
DELETE FROM points_ledger WHERE tenant_id='clinica-elvira' AND lead_id IN (SELECT id FROM leads WHERE tenant_id='clinica-elvira' AND source='portal-seed');
DELETE FROM pack_orders WHERE tenant_id='clinica-elvira' AND lead_id IN (SELECT id FROM leads WHERE tenant_id='clinica-elvira' AND source='portal-seed');
DELETE FROM leads WHERE tenant_id='clinica-elvira' AND source='portal-seed';
INSERT INTO leads (id,tenant_id,name,phone,temperature,status,source,created_at) VALUES ('ps_el_00','clinica-elvira','Elena Moreno','621000000','warm','client','portal-seed','2026-03-04T17:22:17.000Z');
INSERT INTO points_ledger (id,tenant_id,lead_id,delta,reason,created_at) VALUES ('pt_ps_el_00_w','clinica-elvira','ps_el_00',100,'bienvenida','2026-03-04T17:22:17.000Z');
INSERT INTO points_ledger (id,tenant_id,lead_id,delta,reason,created_at) VALUES ('pt_ps_el_00_0','clinica-elvira','ps_el_00',50,'checkin','2026-03-16T15:22:17.000Z');
INSERT INTO points_ledger (id,tenant_id,lead_id,delta,reason,created_at) VALUES ('pt_ps_el_00_1','clinica-elvira','ps_el_00',80,'referido','2026-02-16T05:22:17.000Z');
INSERT INTO points_ledger (id,tenant_id,lead_id,delta,reason,created_at) VALUES ('pt_ps_el_00_2','clinica-elvira','ps_el_00',200,'checkin','2026-02-11T11:22:17.000Z');
INSERT INTO leads (id,tenant_id,name,phone,temperature,status,source,created_at) VALUES ('ps_el_01','clinica-elvira','Teresa Cano','621000317','warm','client','portal-seed','2026-04-21T05:22:17.000Z');
INSERT INTO points_ledger (id,tenant_id,lead_id,delta,reason,created_at) VALUES ('pt_ps_el_01_w','clinica-elvira','ps_el_01',100,'bienvenida','2026-04-21T05:22:17.000Z');
INSERT INTO points_ledger (id,tenant_id,lead_id,delta,reason,created_at) VALUES ('pt_ps_el_01_0','clinica-elvira','ps_el_01',50,'compra','2026-03-01T05:22:17.000Z');
INSERT INTO leads (id,tenant_id,name,phone,temperature,status,source,created_at) VALUES ('ps_el_02','clinica-elvira','Alba Molina','621000634','warm','client','portal-seed','2026-04-03T10:22:17.000Z');
INSERT INTO points_ledger (id,tenant_id,lead_id,delta,reason,created_at) VALUES ('pt_ps_el_02_w','clinica-elvira','ps_el_02',100,'bienvenida','2026-04-03T10:22:17.000Z');
INSERT INTO points_ledger (id,tenant_id,lead_id,delta,reason,created_at) VALUES ('pt_ps_el_02_0','clinica-elvira','ps_el_02',25,'cumpleaños','2026-02-18T17:22:17.000Z');
INSERT INTO points_ledger (id,tenant_id,lead_id,delta,reason,created_at) VALUES ('pt_ps_el_02_1','clinica-elvira','ps_el_02',120,'checkin','2026-05-15T04:22:17.000Z');
INSERT INTO pack_orders (id,tenant_id,lead_id,pack_id,pack_name,amount,status,method,created_at) VALUES ('po_ps_el_02','clinica-elvira','ps_el_02','pke_e1','Operación Verano',580,'reserved','portal','2026-05-26T18:22:17.000Z');
INSERT INTO leads (id,tenant_id,name,phone,temperature,status,source,created_at) VALUES ('ps_el_03','clinica-elvira','Julia Morales','621000951','warm','client','portal-seed','2025-12-19T12:22:17.000Z');
INSERT INTO points_ledger (id,tenant_id,lead_id,delta,reason,created_at) VALUES ('pt_ps_el_03_w','clinica-elvira','ps_el_03',100,'bienvenida','2025-12-19T12:22:17.000Z');
INSERT INTO points_ledger (id,tenant_id,lead_id,delta,reason,created_at) VALUES ('pt_ps_el_03_0','clinica-elvira','ps_el_03',80,'compra','2026-02-19T16:22:17.000Z');
INSERT INTO points_ledger (id,tenant_id,lead_id,delta,reason,created_at) VALUES ('pt_ps_el_03_1','clinica-elvira','ps_el_03',80,'compra','2026-03-19T02:22:17.000Z');
INSERT INTO points_ledger (id,tenant_id,lead_id,delta,reason,created_at) VALUES ('pt_ps_el_03_2','clinica-elvira','ps_el_03',120,'referido','2026-04-28T18:22:17.000Z');
INSERT INTO points_ledger (id,tenant_id,lead_id,delta,reason,created_at) VALUES ('pt_ps_el_03_3','clinica-elvira','ps_el_03',25,'compra','2026-05-18T00:22:17.000Z');
INSERT INTO leads (id,tenant_id,name,phone,temperature,status,source,created_at) VALUES ('ps_el_04','clinica-elvira','Carmen Ruiz','621001268','warm','client','portal-seed','2026-03-30T17:22:17.000Z');
INSERT INTO points_ledger (id,tenant_id,lead_id,delta,reason,created_at) VALUES ('pt_ps_el_04_w','clinica-elvira','ps_el_04',100,'bienvenida','2026-03-30T17:22:17.000Z');
INSERT INTO points_ledger (id,tenant_id,lead_id,delta,reason,created_at) VALUES ('pt_ps_el_04_0','clinica-elvira','ps_el_04',200,'cumpleaños','2026-04-26T08:22:17.000Z');
INSERT INTO leads (id,tenant_id,name,phone,temperature,status,source,created_at) VALUES ('ps_el_05','clinica-elvira','Lucía López','621001585','warm','client','portal-seed','2026-01-26T15:22:17.000Z');
INSERT INTO points_ledger (id,tenant_id,lead_id,delta,reason,created_at) VALUES ('pt_ps_el_05_w','clinica-elvira','ps_el_05',100,'bienvenida','2026-01-26T15:22:17.000Z');
INSERT INTO points_ledger (id,tenant_id,lead_id,delta,reason,created_at) VALUES ('pt_ps_el_05_0','clinica-elvira','ps_el_05',200,'checkin','2026-05-08T17:22:17.000Z');
INSERT INTO points_ledger (id,tenant_id,lead_id,delta,reason,created_at) VALUES ('pt_ps_el_05_1','clinica-elvira','ps_el_05',120,'bienvenida','2026-04-04T01:22:17.000Z');
INSERT INTO points_ledger (id,tenant_id,lead_id,delta,reason,created_at) VALUES ('pt_ps_el_05_2','clinica-elvira','ps_el_05',50,'compra','2026-04-15T16:22:17.000Z');
INSERT INTO points_ledger (id,tenant_id,lead_id,delta,reason,created_at) VALUES ('pt_ps_el_05_3','clinica-elvira','ps_el_05',80,'referido','2026-04-30T15:22:17.000Z');
INSERT INTO leads (id,tenant_id,name,phone,temperature,status,source,created_at) VALUES ('ps_el_06','clinica-elvira','Sara Gómez','621001902','warm','client','portal-seed','2026-03-21T02:22:17.000Z');
INSERT INTO points_ledger (id,tenant_id,lead_id,delta,reason,created_at) VALUES ('pt_ps_el_06_w','clinica-elvira','ps_el_06',100,'bienvenida','2026-03-21T02:22:17.000Z');
INSERT INTO points_ledger (id,tenant_id,lead_id,delta,reason,created_at) VALUES ('pt_ps_el_06_0','clinica-elvira','ps_el_06',120,'compra','2026-04-19T09:22:17.000Z');
INSERT INTO points_ledger (id,tenant_id,lead_id,delta,reason,created_at) VALUES ('pt_ps_el_06_1','clinica-elvira','ps_el_06',200,'checkin','2026-05-16T05:22:17.000Z');
INSERT INTO points_ledger (id,tenant_id,lead_id,delta,reason,created_at) VALUES ('pt_ps_el_06_2','clinica-elvira','ps_el_06',120,'checkin','2026-03-23T00:22:17.000Z');
INSERT INTO pack_orders (id,tenant_id,lead_id,pack_id,pack_name,amount,status,method,created_at) VALUES ('po_ps_el_06','clinica-elvira','ps_el_06','pke_e1','Operación Verano',580,'reserved','portal','2026-05-21T09:22:17.000Z');
INSERT INTO leads (id,tenant_id,name,phone,temperature,status,source,created_at) VALUES ('ps_el_07','clinica-elvira','Nuria Serrano','621002219','warm','client','portal-seed','2026-04-13T05:22:17.000Z');
INSERT INTO points_ledger (id,tenant_id,lead_id,delta,reason,created_at) VALUES ('pt_ps_el_07_w','clinica-elvira','ps_el_07',100,'bienvenida','2026-04-13T05:22:17.000Z');
INSERT INTO points_ledger (id,tenant_id,lead_id,delta,reason,created_at) VALUES ('pt_ps_el_07_0','clinica-elvira','ps_el_07',200,'compra','2026-04-11T04:22:17.000Z');
INSERT INTO points_ledger (id,tenant_id,lead_id,delta,reason,created_at) VALUES ('pt_ps_el_07_1','clinica-elvira','ps_el_07',120,'checkin','2026-04-05T03:22:17.000Z');
INSERT INTO points_ledger (id,tenant_id,lead_id,delta,reason,created_at) VALUES ('pt_ps_el_07_2','clinica-elvira','ps_el_07',50,'bienvenida','2026-05-04T02:22:17.000Z');
INSERT INTO points_ledger (id,tenant_id,lead_id,delta,reason,created_at) VALUES ('pt_ps_el_07_3','clinica-elvira','ps_el_07',200,'compra','2026-05-29T11:22:17.000Z');
INSERT INTO points_ledger (id,tenant_id,lead_id,delta,reason,created_at) VALUES ('pt_ps_el_07_4','clinica-elvira','ps_el_07',80,'checkin','2026-02-26T12:22:17.000Z');
INSERT INTO pack_orders (id,tenant_id,lead_id,pack_id,pack_name,amount,status,method,created_at) VALUES ('po_ps_el_07','clinica-elvira','ps_el_07','pke_e1','Operación Verano',580,'reserved','portal','2026-05-25T03:22:17.000Z');
INSERT INTO leads (id,tenant_id,name,phone,temperature,status,source,created_at) VALUES ('ps_el_08','clinica-elvira','Gloria León','621002536','warm','client','portal-seed','2025-12-31T16:22:17.000Z');
INSERT INTO points_ledger (id,tenant_id,lead_id,delta,reason,created_at) VALUES ('pt_ps_el_08_w','clinica-elvira','ps_el_08',100,'bienvenida','2025-12-31T16:22:17.000Z');
INSERT INTO points_ledger (id,tenant_id,lead_id,delta,reason,created_at) VALUES ('pt_ps_el_08_0','clinica-elvira','ps_el_08',120,'referido','2026-05-16T06:22:17.000Z');
INSERT INTO points_ledger (id,tenant_id,lead_id,delta,reason,created_at) VALUES ('pt_ps_el_08_1','clinica-elvira','ps_el_08',120,'cumpleaños','2026-05-09T14:22:17.000Z');
INSERT INTO points_ledger (id,tenant_id,lead_id,delta,reason,created_at) VALUES ('pt_ps_el_08_2','clinica-elvira','ps_el_08',25,'bienvenida','2026-03-02T05:22:17.000Z');
INSERT INTO points_ledger (id,tenant_id,lead_id,delta,reason,created_at) VALUES ('pt_ps_el_08_3','clinica-elvira','ps_el_08',50,'checkin','2026-02-27T02:22:17.000Z');
INSERT INTO leads (id,tenant_id,name,phone,temperature,status,source,created_at) VALUES ('ps_el_09','clinica-elvira','Noelia Iglesias','621002853','warm','client','portal-seed','2026-01-14T11:22:17.000Z');
INSERT INTO points_ledger (id,tenant_id,lead_id,delta,reason,created_at) VALUES ('pt_ps_el_09_w','clinica-elvira','ps_el_09',100,'bienvenida','2026-01-14T11:22:17.000Z');
INSERT INTO points_ledger (id,tenant_id,lead_id,delta,reason,created_at) VALUES ('pt_ps_el_09_0','clinica-elvira','ps_el_09',120,'checkin','2026-02-27T04:22:17.000Z');
INSERT INTO leads (id,tenant_id,name,phone,temperature,status,source,created_at) VALUES ('ps_el_10','clinica-elvira','Silvia Castro','621003170','warm','client','portal-seed','2026-01-12T23:22:17.000Z');
INSERT INTO points_ledger (id,tenant_id,lead_id,delta,reason,created_at) VALUES ('pt_ps_el_10_w','clinica-elvira','ps_el_10',100,'bienvenida','2026-01-12T23:22:17.000Z');
INSERT INTO points_ledger (id,tenant_id,lead_id,delta,reason,created_at) VALUES ('pt_ps_el_10_0','clinica-elvira','ps_el_10',120,'referido','2026-02-25T02:22:17.000Z');
INSERT INTO points_ledger (id,tenant_id,lead_id,delta,reason,created_at) VALUES ('pt_ps_el_10_1','clinica-elvira','ps_el_10',120,'referido','2026-04-13T13:22:17.000Z');
INSERT INTO points_ledger (id,tenant_id,lead_id,delta,reason,created_at) VALUES ('pt_ps_el_10_2','clinica-elvira','ps_el_10',120,'cumpleaños','2026-05-07T11:22:17.000Z');
INSERT INTO leads (id,tenant_id,name,phone,temperature,status,source,created_at) VALUES ('ps_el_11','clinica-elvira','Sofía Álvarez','621003487','warm','client','portal-seed','2026-03-27T02:22:17.000Z');
INSERT INTO points_ledger (id,tenant_id,lead_id,delta,reason,created_at) VALUES ('pt_ps_el_11_w','clinica-elvira','ps_el_11',100,'bienvenida','2026-03-27T02:22:17.000Z');
INSERT INTO points_ledger (id,tenant_id,lead_id,delta,reason,created_at) VALUES ('pt_ps_el_11_0','clinica-elvira','ps_el_11',50,'compra','2026-04-14T16:22:17.000Z');
INSERT INTO points_ledger (id,tenant_id,lead_id,delta,reason,created_at) VALUES ('pt_ps_el_11_1','clinica-elvira','ps_el_11',80,'checkin','2026-05-06T08:22:17.000Z');
INSERT INTO points_ledger (id,tenant_id,lead_id,delta,reason,created_at) VALUES ('pt_ps_el_11_2','clinica-elvira','ps_el_11',80,'referido','2026-05-30T14:22:17.000Z');
INSERT INTO points_ledger (id,tenant_id,lead_id,delta,reason,created_at) VALUES ('pt_ps_el_11_3','clinica-elvira','ps_el_11',50,'checkin','2026-04-21T14:22:17.000Z');
INSERT INTO leads (id,tenant_id,name,phone,temperature,status,source,created_at) VALUES ('ps_el_12','clinica-elvira','Daniela Vega','621003804','warm','client','portal-seed','2026-05-20T05:22:17.000Z');
INSERT INTO points_ledger (id,tenant_id,lead_id,delta,reason,created_at) VALUES ('pt_ps_el_12_w','clinica-elvira','ps_el_12',100,'bienvenida','2026-05-20T05:22:17.000Z');
INSERT INTO points_ledger (id,tenant_id,lead_id,delta,reason,created_at) VALUES ('pt_ps_el_12_0','clinica-elvira','ps_el_12',80,'referido','2026-04-11T05:22:17.000Z');
INSERT INTO points_ledger (id,tenant_id,lead_id,delta,reason,created_at) VALUES ('pt_ps_el_12_1','clinica-elvira','ps_el_12',25,'checkin','2026-02-23T05:22:17.000Z');
INSERT INTO points_ledger (id,tenant_id,lead_id,delta,reason,created_at) VALUES ('pt_ps_el_12_2','clinica-elvira','ps_el_12',120,'referido','2026-03-12T18:22:17.000Z');
INSERT INTO points_ledger (id,tenant_id,lead_id,delta,reason,created_at) VALUES ('pt_ps_el_12_3','clinica-elvira','ps_el_12',200,'cumpleaños','2026-04-09T18:22:17.000Z');
INSERT INTO leads (id,tenant_id,name,phone,temperature,status,source,created_at) VALUES ('ps_el_13','clinica-elvira','Paula Sánchez','621004121','warm','client','portal-seed','2026-03-21T06:22:17.000Z');
INSERT INTO points_ledger (id,tenant_id,lead_id,delta,reason,created_at) VALUES ('pt_ps_el_13_w','clinica-elvira','ps_el_13',100,'bienvenida','2026-03-21T06:22:17.000Z');
INSERT INTO points_ledger (id,tenant_id,lead_id,delta,reason,created_at) VALUES ('pt_ps_el_13_0','clinica-elvira','ps_el_13',200,'referido','2026-02-26T23:22:17.000Z');
INSERT INTO points_ledger (id,tenant_id,lead_id,delta,reason,created_at) VALUES ('pt_ps_el_13_1','clinica-elvira','ps_el_13',50,'cumpleaños','2026-05-12T10:22:17.000Z');
INSERT INTO points_ledger (id,tenant_id,lead_id,delta,reason,created_at) VALUES ('pt_ps_el_13_2','clinica-elvira','ps_el_13',120,'cumpleaños','2026-06-06T06:22:17.000Z');
INSERT INTO points_ledger (id,tenant_id,lead_id,delta,reason,created_at) VALUES ('pt_ps_el_13_3','clinica-elvira','ps_el_13',80,'cumpleaños','2026-03-09T13:22:17.000Z');
INSERT INTO leads (id,tenant_id,name,phone,temperature,status,source,created_at) VALUES ('ps_el_14','clinica-elvira','Cristina Jiménez','621004438','warm','client','portal-seed','2026-05-03T23:22:17.000Z');
INSERT INTO points_ledger (id,tenant_id,lead_id,delta,reason,created_at) VALUES ('pt_ps_el_14_w','clinica-elvira','ps_el_14',100,'bienvenida','2026-05-03T23:22:17.000Z');
INSERT INTO points_ledger (id,tenant_id,lead_id,delta,reason,created_at) VALUES ('pt_ps_el_14_0','clinica-elvira','ps_el_14',25,'cumpleaños','2026-03-26T00:22:17.000Z');
INSERT INTO points_ledger (id,tenant_id,lead_id,delta,reason,created_at) VALUES ('pt_ps_el_14_1','clinica-elvira','ps_el_14',25,'bienvenida','2026-03-19T05:22:17.000Z');
INSERT INTO points_ledger (id,tenant_id,lead_id,delta,reason,created_at) VALUES ('pt_ps_el_14_2','clinica-elvira','ps_el_14',50,'cumpleaños','2026-05-17T17:22:17.000Z');
INSERT INTO points_ledger (id,tenant_id,lead_id,delta,reason,created_at) VALUES ('pt_ps_el_14_3','clinica-elvira','ps_el_14',80,'cumpleaños','2026-04-29T12:22:17.000Z');
INSERT INTO points_ledger (id,tenant_id,lead_id,delta,reason,created_at) VALUES ('pt_ps_el_14_4','clinica-elvira','ps_el_14',120,'compra','2026-04-27T06:22:17.000Z');
INSERT INTO pack_orders (id,tenant_id,lead_id,pack_id,pack_name,amount,status,method,created_at) VALUES ('po_ps_el_14','clinica-elvira','ps_el_14','pke_e3','Membresía Elvira',49,'reserved','portal','2026-05-24T16:22:17.000Z');
INSERT INTO leads (id,tenant_id,name,phone,temperature,status,source,created_at) VALUES ('ps_el_15','clinica-elvira','Ángela Prieto','621004755','warm','client','portal-seed','2026-02-05T18:22:17.000Z');
INSERT INTO points_ledger (id,tenant_id,lead_id,delta,reason,created_at) VALUES ('pt_ps_el_15_w','clinica-elvira','ps_el_15',100,'bienvenida','2026-02-05T18:22:17.000Z');
INSERT INTO points_ledger (id,tenant_id,lead_id,delta,reason,created_at) VALUES ('pt_ps_el_15_0','clinica-elvira','ps_el_15',25,'compra','2026-05-11T22:22:17.000Z');
INSERT INTO points_ledger (id,tenant_id,lead_id,delta,reason,created_at) VALUES ('pt_ps_el_15_1','clinica-elvira','ps_el_15',25,'bienvenida','2026-03-05T18:22:17.000Z');
INSERT INTO points_ledger (id,tenant_id,lead_id,delta,reason,created_at) VALUES ('pt_ps_el_15_2','clinica-elvira','ps_el_15',50,'checkin','2026-02-22T18:22:17.000Z');
INSERT INTO points_ledger (id,tenant_id,lead_id,delta,reason,created_at) VALUES ('pt_ps_el_15_3','clinica-elvira','ps_el_15',200,'checkin','2026-05-10T14:22:17.000Z');
INSERT INTO points_ledger (id,tenant_id,lead_id,delta,reason,created_at) VALUES ('pt_ps_el_15_4','clinica-elvira','ps_el_15',120,'bienvenida','2026-03-29T12:22:17.000Z');
INSERT INTO leads (id,tenant_id,name,phone,temperature,status,source,created_at) VALUES ('ps_el_16','clinica-elvira','Laura Fernández','621005072','warm','client','portal-seed','2026-04-01T07:22:17.000Z');
INSERT INTO points_ledger (id,tenant_id,lead_id,delta,reason,created_at) VALUES ('pt_ps_el_16_w','clinica-elvira','ps_el_16',100,'bienvenida','2026-04-01T07:22:17.000Z');
INSERT INTO points_ledger (id,tenant_id,lead_id,delta,reason,created_at) VALUES ('pt_ps_el_16_0','clinica-elvira','ps_el_16',200,'referido','2026-03-06T15:22:17.000Z');
INSERT INTO points_ledger (id,tenant_id,lead_id,delta,reason,created_at) VALUES ('pt_ps_el_16_1','clinica-elvira','ps_el_16',50,'compra','2026-05-27T00:22:17.000Z');
INSERT INTO pack_orders (id,tenant_id,lead_id,pack_id,pack_name,amount,status,method,created_at) VALUES ('po_ps_el_16','clinica-elvira','ps_el_16','pke_e3','Membresía Elvira',49,'reserved','portal','2026-05-04T06:22:17.000Z');
INSERT INTO leads (id,tenant_id,name,phone,temperature,status,source,created_at) VALUES ('ps_el_17','clinica-elvira','Natalia Romero','621005389','warm','client','portal-seed','2026-02-24T12:22:17.000Z');
INSERT INTO points_ledger (id,tenant_id,lead_id,delta,reason,created_at) VALUES ('pt_ps_el_17_w','clinica-elvira','ps_el_17',100,'bienvenida','2026-02-24T12:22:17.000Z');
INSERT INTO points_ledger (id,tenant_id,lead_id,delta,reason,created_at) VALUES ('pt_ps_el_17_0','clinica-elvira','ps_el_17',200,'checkin','2026-05-27T09:22:17.000Z');
INSERT INTO leads (id,tenant_id,name,phone,temperature,status,source,created_at) VALUES ('ps_el_18','clinica-elvira','Rocío Rubio','621005706','warm','client','portal-seed','2026-01-03T15:22:17.000Z');
INSERT INTO points_ledger (id,tenant_id,lead_id,delta,reason,created_at) VALUES ('pt_ps_el_18_w','clinica-elvira','ps_el_18',100,'bienvenida','2026-01-03T15:22:17.000Z');
INSERT INTO points_ledger (id,tenant_id,lead_id,delta,reason,created_at) VALUES ('pt_ps_el_18_0','clinica-elvira','ps_el_18',25,'compra','2026-04-02T05:22:17.000Z');
INSERT INTO points_ledger (id,tenant_id,lead_id,delta,reason,created_at) VALUES ('pt_ps_el_18_1','clinica-elvira','ps_el_18',80,'bienvenida','2026-04-05T22:22:17.000Z');
INSERT INTO points_ledger (id,tenant_id,lead_id,delta,reason,created_at) VALUES ('pt_ps_el_18_2','clinica-elvira','ps_el_18',80,'bienvenida','2026-02-21T05:22:17.000Z');
INSERT INTO points_ledger (id,tenant_id,lead_id,delta,reason,created_at) VALUES ('pt_ps_el_18_3','clinica-elvira','ps_el_18',120,'bienvenida','2026-04-15T07:22:17.000Z');
INSERT INTO points_ledger (id,tenant_id,lead_id,delta,reason,created_at) VALUES ('pt_ps_el_18_4','clinica-elvira','ps_el_18',120,'checkin','2026-04-15T13:22:17.000Z');
INSERT INTO leads (id,tenant_id,name,phone,temperature,status,source,created_at) VALUES ('ps_el_19','clinica-elvira','Eva Ortega','621006023','warm','client','portal-seed','2025-12-21T10:22:17.000Z');
INSERT INTO points_ledger (id,tenant_id,lead_id,delta,reason,created_at) VALUES ('pt_ps_el_19_w','clinica-elvira','ps_el_19',100,'bienvenida','2025-12-21T10:22:17.000Z');
INSERT INTO points_ledger (id,tenant_id,lead_id,delta,reason,created_at) VALUES ('pt_ps_el_19_0','clinica-elvira','ps_el_19',200,'cumpleaños','2026-04-11T05:22:17.000Z');
INSERT INTO points_ledger (id,tenant_id,lead_id,delta,reason,created_at) VALUES ('pt_ps_el_19_1','clinica-elvira','ps_el_19',200,'compra','2026-04-29T11:22:17.000Z');
INSERT INTO points_ledger (id,tenant_id,lead_id,delta,reason,created_at) VALUES ('pt_ps_el_19_2','clinica-elvira','ps_el_19',25,'compra','2026-02-17T04:22:17.000Z');
INSERT INTO points_ledger (id,tenant_id,lead_id,delta,reason,created_at) VALUES ('pt_ps_el_19_3','clinica-elvira','ps_el_19',50,'cumpleaños','2026-03-28T23:22:17.000Z');
INSERT INTO points_ledger (id,tenant_id,lead_id,delta,reason,created_at) VALUES ('pt_ps_el_19_4','clinica-elvira','ps_el_19',120,'compra','2026-06-06T03:22:17.000Z');
DELETE FROM points_ledger WHERE tenant_id='clinica-estetica-lumiere' AND lead_id IN (SELECT id FROM leads WHERE tenant_id='clinica-estetica-lumiere' AND source='portal-seed');
DELETE FROM pack_orders WHERE tenant_id='clinica-estetica-lumiere' AND lead_id IN (SELECT id FROM leads WHERE tenant_id='clinica-estetica-lumiere' AND source='portal-seed');
DELETE FROM leads WHERE tenant_id='clinica-estetica-lumiere' AND source='portal-seed';
INSERT INTO leads (id,tenant_id,name,phone,temperature,status,source,created_at) VALUES ('ps_lu_00','clinica-estetica-lumiere','Daniela Vega','622000000','warm','client','portal-seed','2026-01-31T01:22:17.000Z');
INSERT INTO points_ledger (id,tenant_id,lead_id,delta,reason,created_at) VALUES ('pt_ps_lu_00_w','clinica-estetica-lumiere','ps_lu_00',100,'bienvenida','2026-01-31T01:22:17.000Z');
INSERT INTO points_ledger (id,tenant_id,lead_id,delta,reason,created_at) VALUES ('pt_ps_lu_00_0','clinica-estetica-lumiere','ps_lu_00',120,'cumpleaños','2026-04-13T18:22:17.000Z');
INSERT INTO points_ledger (id,tenant_id,lead_id,delta,reason,created_at) VALUES ('pt_ps_lu_00_1','clinica-estetica-lumiere','ps_lu_00',25,'compra','2026-05-12T06:22:17.000Z');
INSERT INTO leads (id,tenant_id,name,phone,temperature,status,source,created_at) VALUES ('ps_lu_01','clinica-estetica-lumiere','Lorena Medina','622000317','warm','client','portal-seed','2026-03-19T00:22:17.000Z');
INSERT INTO points_ledger (id,tenant_id,lead_id,delta,reason,created_at) VALUES ('pt_ps_lu_01_w','clinica-estetica-lumiere','ps_lu_01',100,'bienvenida','2026-03-19T00:22:17.000Z');
INSERT INTO points_ledger (id,tenant_id,lead_id,delta,reason,created_at) VALUES ('pt_ps_lu_01_0','clinica-estetica-lumiere','ps_lu_01',120,'referido','2026-04-03T07:22:17.000Z');
INSERT INTO points_ledger (id,tenant_id,lead_id,delta,reason,created_at) VALUES ('pt_ps_lu_01_1','clinica-estetica-lumiere','ps_lu_01',120,'referido','2026-04-28T07:22:17.000Z');
INSERT INTO points_ledger (id,tenant_id,lead_id,delta,reason,created_at) VALUES ('pt_ps_lu_01_2','clinica-estetica-lumiere','ps_lu_01',120,'compra','2026-05-01T10:22:17.000Z');
INSERT INTO pack_orders (id,tenant_id,lead_id,pack_id,pack_name,amount,status,method,created_at) VALUES ('po_ps_lu_01','clinica-estetica-lumiere','ps_lu_01','pkl_l1','Ritual Lumière',330,'reserved','portal','2026-05-20T15:22:17.000Z');
INSERT INTO leads (id,tenant_id,name,phone,temperature,status,source,created_at) VALUES ('ps_lu_02','clinica-estetica-lumiere','Laura Fernández','622000634','warm','client','portal-seed','2026-01-19T13:22:17.000Z');
INSERT INTO points_ledger (id,tenant_id,lead_id,delta,reason,created_at) VALUES ('pt_ps_lu_02_w','clinica-estetica-lumiere','ps_lu_02',100,'bienvenida','2026-01-19T13:22:17.000Z');
INSERT INTO points_ledger (id,tenant_id,lead_id,delta,reason,created_at) VALUES ('pt_ps_lu_02_0','clinica-estetica-lumiere','ps_lu_02',50,'cumpleaños','2026-05-05T00:22:17.000Z');
INSERT INTO points_ledger (id,tenant_id,lead_id,delta,reason,created_at) VALUES ('pt_ps_lu_02_1','clinica-estetica-lumiere','ps_lu_02',200,'referido','2026-05-04T15:22:17.000Z');
INSERT INTO leads (id,tenant_id,name,phone,temperature,status,source,created_at) VALUES ('ps_lu_03','clinica-estetica-lumiere','Gloria León','622000951','warm','client','portal-seed','2026-03-22T11:22:17.000Z');
INSERT INTO points_ledger (id,tenant_id,lead_id,delta,reason,created_at) VALUES ('pt_ps_lu_03_w','clinica-estetica-lumiere','ps_lu_03',100,'bienvenida','2026-03-22T11:22:17.000Z');
INSERT INTO points_ledger (id,tenant_id,lead_id,delta,reason,created_at) VALUES ('pt_ps_lu_03_0','clinica-estetica-lumiere','ps_lu_03',50,'compra','2026-06-08T01:22:17.000Z');
INSERT INTO points_ledger (id,tenant_id,lead_id,delta,reason,created_at) VALUES ('pt_ps_lu_03_1','clinica-estetica-lumiere','ps_lu_03',50,'compra','2026-06-04T17:22:17.000Z');
INSERT INTO points_ledger (id,tenant_id,lead_id,delta,reason,created_at) VALUES ('pt_ps_lu_03_2','clinica-estetica-lumiere','ps_lu_03',200,'compra','2026-03-12T14:22:17.000Z');
INSERT INTO leads (id,tenant_id,name,phone,temperature,status,source,created_at) VALUES ('ps_lu_04','clinica-estetica-lumiere','Ángela Prieto','622001268','warm','client','portal-seed','2026-01-31T15:22:17.000Z');
INSERT INTO points_ledger (id,tenant_id,lead_id,delta,reason,created_at) VALUES ('pt_ps_lu_04_w','clinica-estetica-lumiere','ps_lu_04',100,'bienvenida','2026-01-31T15:22:17.000Z');
INSERT INTO points_ledger (id,tenant_id,lead_id,delta,reason,created_at) VALUES ('pt_ps_lu_04_0','clinica-estetica-lumiere','ps_lu_04',200,'compra','2026-04-10T03:22:17.000Z');
INSERT INTO leads (id,tenant_id,name,phone,temperature,status,source,created_at) VALUES ('ps_lu_05','clinica-estetica-lumiere','Sandra Cabrera','622001585','warm','client','portal-seed','2026-04-19T17:22:17.000Z');
INSERT INTO points_ledger (id,tenant_id,lead_id,delta,reason,created_at) VALUES ('pt_ps_lu_05_w','clinica-estetica-lumiere','ps_lu_05',100,'bienvenida','2026-04-19T17:22:17.000Z');
INSERT INTO points_ledger (id,tenant_id,lead_id,delta,reason,created_at) VALUES ('pt_ps_lu_05_0','clinica-estetica-lumiere','ps_lu_05',120,'bienvenida','2026-02-24T16:22:17.000Z');
INSERT INTO points_ledger (id,tenant_id,lead_id,delta,reason,created_at) VALUES ('pt_ps_lu_05_1','clinica-estetica-lumiere','ps_lu_05',120,'cumpleaños','2026-05-31T00:22:17.000Z');
INSERT INTO points_ledger (id,tenant_id,lead_id,delta,reason,created_at) VALUES ('pt_ps_lu_05_2','clinica-estetica-lumiere','ps_lu_05',25,'checkin','2026-05-21T00:22:17.000Z');
INSERT INTO leads (id,tenant_id,name,phone,temperature,status,source,created_at) VALUES ('ps_lu_06','clinica-estetica-lumiere','Teresa Cano','622001902','warm','client','portal-seed','2026-05-15T11:22:17.000Z');
INSERT INTO points_ledger (id,tenant_id,lead_id,delta,reason,created_at) VALUES ('pt_ps_lu_06_w','clinica-estetica-lumiere','ps_lu_06',100,'bienvenida','2026-05-15T11:22:17.000Z');
INSERT INTO points_ledger (id,tenant_id,lead_id,delta,reason,created_at) VALUES ('pt_ps_lu_06_0','clinica-estetica-lumiere','ps_lu_06',200,'cumpleaños','2026-03-23T23:22:17.000Z');
INSERT INTO leads (id,tenant_id,name,phone,temperature,status,source,created_at) VALUES ('ps_lu_07','clinica-estetica-lumiere','Verónica Cruz','622002219','warm','client','portal-seed','2026-04-09T02:22:17.000Z');
INSERT INTO points_ledger (id,tenant_id,lead_id,delta,reason,created_at) VALUES ('pt_ps_lu_07_w','clinica-estetica-lumiere','ps_lu_07',100,'bienvenida','2026-04-09T02:22:17.000Z');
INSERT INTO points_ledger (id,tenant_id,lead_id,delta,reason,created_at) VALUES ('pt_ps_lu_07_0','clinica-estetica-lumiere','ps_lu_07',120,'cumpleaños','2026-05-02T00:22:17.000Z');
INSERT INTO points_ledger (id,tenant_id,lead_id,delta,reason,created_at) VALUES ('pt_ps_lu_07_1','clinica-estetica-lumiere','ps_lu_07',120,'compra','2026-03-28T23:22:17.000Z');
INSERT INTO points_ledger (id,tenant_id,lead_id,delta,reason,created_at) VALUES ('pt_ps_lu_07_2','clinica-estetica-lumiere','ps_lu_07',25,'referido','2026-03-07T15:22:17.000Z');
INSERT INTO points_ledger (id,tenant_id,lead_id,delta,reason,created_at) VALUES ('pt_ps_lu_07_3','clinica-estetica-lumiere','ps_lu_07',50,'checkin','2026-05-07T16:22:17.000Z');
INSERT INTO pack_orders (id,tenant_id,lead_id,pack_id,pack_name,amount,status,method,created_at) VALUES ('po_ps_lu_07','clinica-estetica-lumiere','ps_lu_07','pkl_l1','Ritual Lumière',330,'reserved','portal','2026-05-05T16:22:17.000Z');
INSERT INTO leads (id,tenant_id,name,phone,temperature,status,source,created_at) VALUES ('ps_lu_08','clinica-estetica-lumiere','Natalia Romero','622002536','warm','client','portal-seed','2026-04-26T18:22:17.000Z');
INSERT INTO points_ledger (id,tenant_id,lead_id,delta,reason,created_at) VALUES ('pt_ps_lu_08_w','clinica-estetica-lumiere','ps_lu_08',100,'bienvenida','2026-04-26T18:22:17.000Z');
INSERT INTO points_ledger (id,tenant_id,lead_id,delta,reason,created_at) VALUES ('pt_ps_lu_08_0','clinica-estetica-lumiere','ps_lu_08',120,'referido','2026-04-10T09:22:17.000Z');
INSERT INTO points_ledger (id,tenant_id,lead_id,delta,reason,created_at) VALUES ('pt_ps_lu_08_1','clinica-estetica-lumiere','ps_lu_08',25,'checkin','2026-05-04T09:22:17.000Z');
INSERT INTO points_ledger (id,tenant_id,lead_id,delta,reason,created_at) VALUES ('pt_ps_lu_08_2','clinica-estetica-lumiere','ps_lu_08',120,'bienvenida','2026-03-14T11:22:17.000Z');
INSERT INTO points_ledger (id,tenant_id,lead_id,delta,reason,created_at) VALUES ('pt_ps_lu_08_3','clinica-estetica-lumiere','ps_lu_08',80,'referido','2026-03-17T12:22:17.000Z');
INSERT INTO leads (id,tenant_id,name,phone,temperature,status,source,created_at) VALUES ('ps_lu_09','clinica-estetica-lumiere','Pilar Peña','622002853','warm','client','portal-seed','2026-01-17T11:22:17.000Z');
INSERT INTO points_ledger (id,tenant_id,lead_id,delta,reason,created_at) VALUES ('pt_ps_lu_09_w','clinica-estetica-lumiere','ps_lu_09',100,'bienvenida','2026-01-17T11:22:17.000Z');
INSERT INTO points_ledger (id,tenant_id,lead_id,delta,reason,created_at) VALUES ('pt_ps_lu_09_0','clinica-estetica-lumiere','ps_lu_09',80,'checkin','2026-05-31T17:22:17.000Z');
INSERT INTO points_ledger (id,tenant_id,lead_id,delta,reason,created_at) VALUES ('pt_ps_lu_09_1','clinica-estetica-lumiere','ps_lu_09',50,'compra','2026-03-25T00:22:17.000Z');
INSERT INTO leads (id,tenant_id,name,phone,temperature,status,source,created_at) VALUES ('ps_lu_10','clinica-estetica-lumiere','Julia Morales','622003170','warm','client','portal-seed','2026-02-13T15:22:17.000Z');
INSERT INTO points_ledger (id,tenant_id,lead_id,delta,reason,created_at) VALUES ('pt_ps_lu_10_w','clinica-estetica-lumiere','ps_lu_10',100,'bienvenida','2026-02-13T15:22:17.000Z');
INSERT INTO points_ledger (id,tenant_id,lead_id,delta,reason,created_at) VALUES ('pt_ps_lu_10_0','clinica-estetica-lumiere','ps_lu_10',80,'cumpleaños','2026-05-06T02:22:17.000Z');
INSERT INTO points_ledger (id,tenant_id,lead_id,delta,reason,created_at) VALUES ('pt_ps_lu_10_1','clinica-estetica-lumiere','ps_lu_10',200,'cumpleaños','2026-04-14T16:22:17.000Z');
INSERT INTO points_ledger (id,tenant_id,lead_id,delta,reason,created_at) VALUES ('pt_ps_lu_10_2','clinica-estetica-lumiere','ps_lu_10',200,'bienvenida','2026-02-16T05:22:17.000Z');
INSERT INTO points_ledger (id,tenant_id,lead_id,delta,reason,created_at) VALUES ('pt_ps_lu_10_3','clinica-estetica-lumiere','ps_lu_10',80,'referido','2026-05-08T18:22:17.000Z');
INSERT INTO pack_orders (id,tenant_id,lead_id,pack_id,pack_name,amount,status,method,created_at) VALUES ('po_ps_lu_10','clinica-estetica-lumiere','ps_lu_10','pkl_l1','Ritual Lumière',330,'reserved','portal','2026-04-22T10:22:17.000Z');
INSERT INTO leads (id,tenant_id,name,phone,temperature,status,source,created_at) VALUES ('ps_lu_11','clinica-estetica-lumiere','Carmen Ruiz','622003487','warm','client','portal-seed','2026-01-09T17:22:17.000Z');
INSERT INTO points_ledger (id,tenant_id,lead_id,delta,reason,created_at) VALUES ('pt_ps_lu_11_w','clinica-estetica-lumiere','ps_lu_11',100,'bienvenida','2026-01-09T17:22:17.000Z');
INSERT INTO points_ledger (id,tenant_id,lead_id,delta,reason,created_at) VALUES ('pt_ps_lu_11_0','clinica-estetica-lumiere','ps_lu_11',120,'referido','2026-03-18T04:22:17.000Z');
INSERT INTO points_ledger (id,tenant_id,lead_id,delta,reason,created_at) VALUES ('pt_ps_lu_11_1','clinica-estetica-lumiere','ps_lu_11',80,'checkin','2026-03-27T05:22:17.000Z');
INSERT INTO leads (id,tenant_id,name,phone,temperature,status,source,created_at) VALUES ('ps_lu_12','clinica-estetica-lumiere','Lucía López','622003804','warm','client','portal-seed','2026-01-31T16:22:17.000Z');
INSERT INTO points_ledger (id,tenant_id,lead_id,delta,reason,created_at) VALUES ('pt_ps_lu_12_w','clinica-estetica-lumiere','ps_lu_12',100,'bienvenida','2026-01-31T16:22:17.000Z');
INSERT INTO points_ledger (id,tenant_id,lead_id,delta,reason,created_at) VALUES ('pt_ps_lu_12_0','clinica-estetica-lumiere','ps_lu_12',80,'cumpleaños','2026-04-28T08:22:17.000Z');
INSERT INTO points_ledger (id,tenant_id,lead_id,delta,reason,created_at) VALUES ('pt_ps_lu_12_1','clinica-estetica-lumiere','ps_lu_12',25,'checkin','2026-04-28T05:22:17.000Z');
INSERT INTO points_ledger (id,tenant_id,lead_id,delta,reason,created_at) VALUES ('pt_ps_lu_12_2','clinica-estetica-lumiere','ps_lu_12',120,'compra','2026-03-17T06:22:17.000Z');
INSERT INTO points_ledger (id,tenant_id,lead_id,delta,reason,created_at) VALUES ('pt_ps_lu_12_3','clinica-estetica-lumiere','ps_lu_12',200,'bienvenida','2026-04-12T16:22:17.000Z');
INSERT INTO pack_orders (id,tenant_id,lead_id,pack_id,pack_name,amount,status,method,created_at) VALUES ('po_ps_lu_12','clinica-estetica-lumiere','ps_lu_12','pkl_l3','Club Lumière',55,'reserved','portal','2026-06-02T06:22:17.000Z');
INSERT INTO leads (id,tenant_id,name,phone,temperature,status,source,created_at) VALUES ('ps_lu_13','clinica-estetica-lumiere','Elena Moreno','622004121','warm','client','portal-seed','2026-01-25T18:22:17.000Z');
INSERT INTO points_ledger (id,tenant_id,lead_id,delta,reason,created_at) VALUES ('pt_ps_lu_13_w','clinica-estetica-lumiere','ps_lu_13',100,'bienvenida','2026-01-25T18:22:17.000Z');
INSERT INTO points_ledger (id,tenant_id,lead_id,delta,reason,created_at) VALUES ('pt_ps_lu_13_0','clinica-estetica-lumiere','ps_lu_13',120,'cumpleaños','2026-06-03T12:22:17.000Z');
INSERT INTO points_ledger (id,tenant_id,lead_id,delta,reason,created_at) VALUES ('pt_ps_lu_13_1','clinica-estetica-lumiere','ps_lu_13',200,'compra','2026-03-22T03:22:17.000Z');
INSERT INTO points_ledger (id,tenant_id,lead_id,delta,reason,created_at) VALUES ('pt_ps_lu_13_2','clinica-estetica-lumiere','ps_lu_13',120,'bienvenida','2026-05-14T10:22:17.000Z');
INSERT INTO points_ledger (id,tenant_id,lead_id,delta,reason,created_at) VALUES ('pt_ps_lu_13_3','clinica-estetica-lumiere','ps_lu_13',200,'checkin','2026-02-11T09:22:17.000Z');
INSERT INTO points_ledger (id,tenant_id,lead_id,delta,reason,created_at) VALUES ('pt_ps_lu_13_4','clinica-estetica-lumiere','ps_lu_13',120,'cumpleaños','2026-05-25T18:22:17.000Z');
INSERT INTO leads (id,tenant_id,name,phone,temperature,status,source,created_at) VALUES ('ps_lu_14','clinica-estetica-lumiere','Marina Suárez','622004438','warm','client','portal-seed','2026-01-01T11:22:17.000Z');
INSERT INTO points_ledger (id,tenant_id,lead_id,delta,reason,created_at) VALUES ('pt_ps_lu_14_w','clinica-estetica-lumiere','ps_lu_14',100,'bienvenida','2026-01-01T11:22:17.000Z');
INSERT INTO points_ledger (id,tenant_id,lead_id,delta,reason,created_at) VALUES ('pt_ps_lu_14_0','clinica-estetica-lumiere','ps_lu_14',80,'referido','2026-06-08T01:22:17.000Z');
INSERT INTO points_ledger (id,tenant_id,lead_id,delta,reason,created_at) VALUES ('pt_ps_lu_14_1','clinica-estetica-lumiere','ps_lu_14',120,'bienvenida','2026-05-12T15:22:17.000Z');
INSERT INTO leads (id,tenant_id,name,phone,temperature,status,source,created_at) VALUES ('ps_lu_15','clinica-estetica-lumiere','Nuria Serrano','622004755','warm','client','portal-seed','2026-05-05T22:22:17.000Z');
INSERT INTO points_ledger (id,tenant_id,lead_id,delta,reason,created_at) VALUES ('pt_ps_lu_15_w','clinica-estetica-lumiere','ps_lu_15',100,'bienvenida','2026-05-05T22:22:17.000Z');
INSERT INTO points_ledger (id,tenant_id,lead_id,delta,reason,created_at) VALUES ('pt_ps_lu_15_0','clinica-estetica-lumiere','ps_lu_15',120,'compra','2026-04-05T10:22:17.000Z');
INSERT INTO points_ledger (id,tenant_id,lead_id,delta,reason,created_at) VALUES ('pt_ps_lu_15_1','clinica-estetica-lumiere','ps_lu_15',120,'cumpleaños','2026-04-10T11:22:17.000Z');
INSERT INTO leads (id,tenant_id,name,phone,temperature,status,source,created_at) VALUES ('ps_lu_16','clinica-estetica-lumiere','Inés Herrera','622005072','warm','client','portal-seed','2026-04-29T06:22:17.000Z');
INSERT INTO points_ledger (id,tenant_id,lead_id,delta,reason,created_at) VALUES ('pt_ps_lu_16_w','clinica-estetica-lumiere','ps_lu_16',100,'bienvenida','2026-04-29T06:22:17.000Z');
INSERT INTO points_ledger (id,tenant_id,lead_id,delta,reason,created_at) VALUES ('pt_ps_lu_16_0','clinica-estetica-lumiere','ps_lu_16',200,'referido','2026-03-06T14:22:17.000Z');
INSERT INTO points_ledger (id,tenant_id,lead_id,delta,reason,created_at) VALUES ('pt_ps_lu_16_1','clinica-estetica-lumiere','ps_lu_16',25,'compra','2026-03-03T05:22:17.000Z');
INSERT INTO pack_orders (id,tenant_id,lead_id,pack_id,pack_name,amount,status,method,created_at) VALUES ('po_ps_lu_16','clinica-estetica-lumiere','ps_lu_16','pkl_l3','Club Lumière',55,'reserved','portal','2026-04-18T18:22:17.000Z');
INSERT INTO leads (id,tenant_id,name,phone,temperature,status,source,created_at) VALUES ('ps_lu_17','clinica-estetica-lumiere','Clara Ortiz','622005389','warm','client','portal-seed','2026-03-25T09:22:17.000Z');
INSERT INTO points_ledger (id,tenant_id,lead_id,delta,reason,created_at) VALUES ('pt_ps_lu_17_w','clinica-estetica-lumiere','ps_lu_17',100,'bienvenida','2026-03-25T09:22:17.000Z');
INSERT INTO points_ledger (id,tenant_id,lead_id,delta,reason,created_at) VALUES ('pt_ps_lu_17_0','clinica-estetica-lumiere','ps_lu_17',200,'cumpleaños','2026-02-19T14:22:17.000Z');
INSERT INTO points_ledger (id,tenant_id,lead_id,delta,reason,created_at) VALUES ('pt_ps_lu_17_1','clinica-estetica-lumiere','ps_lu_17',120,'referido','2026-04-09T07:22:17.000Z');
INSERT INTO points_ledger (id,tenant_id,lead_id,delta,reason,created_at) VALUES ('pt_ps_lu_17_2','clinica-estetica-lumiere','ps_lu_17',80,'referido','2026-03-04T01:22:17.000Z');
INSERT INTO points_ledger (id,tenant_id,lead_id,delta,reason,created_at) VALUES ('pt_ps_lu_17_3','clinica-estetica-lumiere','ps_lu_17',120,'cumpleaños','2026-02-10T08:22:17.000Z');
INSERT INTO points_ledger (id,tenant_id,lead_id,delta,reason,created_at) VALUES ('pt_ps_lu_17_4','clinica-estetica-lumiere','ps_lu_17',50,'checkin','2026-03-28T06:22:17.000Z');
INSERT INTO pack_orders (id,tenant_id,lead_id,pack_id,pack_name,amount,status,method,created_at) VALUES ('po_ps_lu_17','clinica-estetica-lumiere','ps_lu_17','pkl_l3','Club Lumière',55,'reserved','portal','2026-06-07T08:22:17.000Z');
