DELETE FROM leads WHERE tenant_id='aura-demo';
DELETE FROM appointments WHERE tenant_id='aura-demo';
DELETE FROM treatments_log WHERE tenant_id='aura-demo';
DELETE FROM points_ledger WHERE tenant_id='aura-demo';
DELETE FROM bonos WHERE tenant_id='aura-demo';
INSERT INTO leads (id,tenant_id,name,phone,treatment,quiz_score,temperature,status,source,created_at,call_priority,recover_state,tags,chatted) VALUES ('l_ademo0','aura-demo','María García','610000000','Aumento de labios',40,'hot','new','embudo','2026-06-08T21:30:03.520Z','none',NULL,'VIP',0);
INSERT INTO leads (id,tenant_id,name,phone,treatment,quiz_score,temperature,status,source,created_at,call_priority,recover_state,tags,chatted) VALUES ('l_ademo1','aura-demo','Laura Fernández','610000137','Botox (1 zona)',47,'warm','new','instagram','2026-06-07T21:30:03.520Z','none',NULL,'',0);
INSERT INTO leads (id,tenant_id,name,phone,treatment,quiz_score,temperature,status,source,created_at,call_priority,recover_state,tags,chatted) VALUES ('l_ademo2','aura-demo','Carmen Ruiz','610000274','Láser facial',54,'cold','whatsapp','referido','2026-06-06T21:30:03.520Z','none',NULL,'',1);
INSERT INTO leads (id,tenant_id,name,phone,treatment,quiz_score,temperature,status,source,created_at,call_priority,recover_state,tags,chatted) VALUES ('l_ademo3','aura-demo','Ana Martín','610000411','Peeling químico',61,'hot','booked','embudo','2026-06-05T21:30:03.520Z','none',NULL,'',1);
INSERT INTO leads (id,tenant_id,name,phone,treatment,quiz_score,temperature,status,source,created_at,call_priority,recover_state,tags,chatted) VALUES ('l_ademo4','aura-demo','Lucía López','610000548','Rinomodelación',68,'warm','booked','instagram','2026-06-04T21:30:03.520Z','none',NULL,'',1);
INSERT INTO leads (id,tenant_id,name,phone,treatment,quiz_score,temperature,status,source,created_at,call_priority,recover_state,tags,chatted) VALUES ('l_ademo5','aura-demo','Paula Sánchez','610000685','Mesoterapia facial',75,'cold','attended','referido','2026-06-03T21:30:03.520Z','none',NULL,'',1);
INSERT INTO leads (id,tenant_id,name,phone,treatment,quiz_score,temperature,status,source,created_at,call_priority,recover_state,tags,chatted) VALUES ('l_ademo6','aura-demo','Sara Gómez','610000822','Aumento de labios',82,'hot','client','embudo','2026-06-02T21:30:03.520Z','none',NULL,'',1);
INSERT INTO leads (id,tenant_id,name,phone,treatment,quiz_score,temperature,status,source,created_at,call_priority,recover_state,tags,chatted) VALUES ('l_ademo7','aura-demo','Marta Díaz','610000959','Botox (1 zona)',89,'warm','client','instagram','2026-06-01T21:30:03.520Z','none',NULL,'Recurrente',1);
INSERT INTO leads (id,tenant_id,name,phone,treatment,quiz_score,temperature,status,source,created_at,call_priority,recover_state,tags,chatted) VALUES ('l_ademo8','aura-demo','Elena Moreno','610001096','Láser facial',96,'cold','client','referido','2026-05-31T21:30:03.520Z','none',NULL,'',1);
INSERT INTO leads (id,tenant_id,name,phone,treatment,quiz_score,temperature,status,source,created_at,call_priority,recover_state,tags,chatted) VALUES ('l_ademo9','aura-demo','Cristina Jiménez','610001233','Peeling químico',43,'hot','lost','embudo','2026-05-30T21:30:03.520Z','none',NULL,'VIP',1);
INSERT INTO leads (id,tenant_id,name,phone,treatment,quiz_score,temperature,status,source,created_at,call_priority,recover_state,tags,chatted) VALUES ('l_ademo10','aura-demo','Sofía Álvarez','610001370','Rinomodelación',50,'warm','noshow','instagram','2026-05-29T21:30:03.520Z','urgent','noshow','',1);
INSERT INTO leads (id,tenant_id,name,phone,treatment,quiz_score,temperature,status,source,created_at,call_priority,recover_state,tags,chatted) VALUES ('l_ademo11','aura-demo','Natalia Romero','610001507','Mesoterapia facial',57,'cold','new','referido','2026-05-28T21:30:03.520Z','none',NULL,'',0);
INSERT INTO leads (id,tenant_id,name,phone,treatment,quiz_score,temperature,status,source,created_at,call_priority,recover_state,tags,chatted) VALUES ('l_ademo12','aura-demo','Andrea Navarro','610001644','Aumento de labios',64,'hot','new','embudo','2026-05-27T21:30:03.520Z','none',NULL,'',0);
INSERT INTO leads (id,tenant_id,name,phone,treatment,quiz_score,temperature,status,source,created_at,call_priority,recover_state,tags,chatted) VALUES ('l_ademo13','aura-demo','Beatriz Torres','610001781','Botox (1 zona)',71,'warm','whatsapp','instagram','2026-05-26T21:30:03.520Z','none',NULL,'',1);
INSERT INTO leads (id,tenant_id,name,phone,treatment,quiz_score,temperature,status,source,created_at,call_priority,recover_state,tags,chatted) VALUES ('l_ademo14','aura-demo','Raquel Ramos','610001918','Láser facial',78,'cold','booked','referido','2026-05-25T21:30:03.520Z','none',NULL,'Recurrente',1);
INSERT INTO leads (id,tenant_id,name,phone,treatment,quiz_score,temperature,status,source,created_at,call_priority,recover_state,tags,chatted) VALUES ('l_ademo15','aura-demo','Patricia Gil','610002055','Peeling químico',85,'hot','booked','embudo','2026-05-24T21:30:03.520Z','none',NULL,'',1);
INSERT INTO leads (id,tenant_id,name,phone,treatment,quiz_score,temperature,status,source,created_at,call_priority,recover_state,tags,chatted) VALUES ('l_ademo16','aura-demo','Nuria Serrano','610002192','Rinomodelación',92,'warm','attended','instagram','2026-05-23T21:30:03.520Z','none',NULL,'',1);
INSERT INTO leads (id,tenant_id,name,phone,treatment,quiz_score,temperature,status,source,created_at,call_priority,recover_state,tags,chatted) VALUES ('l_ademo17','aura-demo','Silvia Castro','610002329','Mesoterapia facial',99,'cold','client','referido','2026-05-22T21:30:03.520Z','none',NULL,'',1);
INSERT INTO leads (id,tenant_id,name,phone,treatment,quiz_score,temperature,status,source,created_at,call_priority,recover_state,tags,chatted) VALUES ('l_ademo18','aura-demo','Eva Ortega','610002466','Aumento de labios',46,'hot','client','embudo','2026-05-21T21:30:03.520Z','none',NULL,'VIP',1);
INSERT INTO leads (id,tenant_id,name,phone,treatment,quiz_score,temperature,status,source,created_at,call_priority,recover_state,tags,chatted) VALUES ('l_ademo19','aura-demo','Rocío Rubio','610002603','Botox (1 zona)',53,'warm','client','instagram','2026-05-20T21:30:03.520Z','none',NULL,'',1);
INSERT INTO leads (id,tenant_id,name,phone,treatment,quiz_score,temperature,status,source,created_at,call_priority,recover_state,tags,chatted) VALUES ('l_ademo20','aura-demo','Alba Molina','610002740','Láser facial',60,'cold','lost','referido','2026-05-19T21:30:03.520Z','none',NULL,'',1);
INSERT INTO leads (id,tenant_id,name,phone,treatment,quiz_score,temperature,status,source,created_at,call_priority,recover_state,tags,chatted) VALUES ('l_ademo21','aura-demo','Irene Delgado','610002877','Peeling químico',67,'hot','noshow','embudo','2026-05-18T21:30:03.520Z','urgent','noshow','Recurrente',1);
INSERT INTO leads (id,tenant_id,name,phone,treatment,quiz_score,temperature,status,source,created_at,call_priority,recover_state,tags,chatted) VALUES ('l_ademo22','aura-demo','Marina Suárez','610003014','Rinomodelación',74,'warm','new','instagram','2026-05-17T21:30:03.520Z','none',NULL,'',0);
INSERT INTO leads (id,tenant_id,name,phone,treatment,quiz_score,temperature,status,source,created_at,call_priority,recover_state,tags,chatted) VALUES ('l_ademo23','aura-demo','Clara Ortiz','610003151','Mesoterapia facial',81,'cold','new','referido','2026-05-16T21:30:03.520Z','none',NULL,'',0);
INSERT INTO leads (id,tenant_id,name,phone,treatment,quiz_score,temperature,status,source,created_at,call_priority,recover_state,tags,chatted) VALUES ('l_ademo24','aura-demo','Daniela Vega','610003288','Aumento de labios',88,'hot','whatsapp','embudo','2026-05-15T21:30:03.520Z','urgent',NULL,'',1);
INSERT INTO leads (id,tenant_id,name,phone,treatment,quiz_score,temperature,status,source,created_at,call_priority,recover_state,tags,chatted) VALUES ('l_ademo25','aura-demo','Carla Ramírez','610003425','Botox (1 zona)',95,'warm','booked','instagram','2026-05-14T21:30:03.520Z','none',NULL,'',1);
INSERT INTO leads (id,tenant_id,name,phone,treatment,quiz_score,temperature,status,source,created_at,call_priority,recover_state,tags,chatted) VALUES ('l_ademo26','aura-demo','Julia Morales','610003562','Láser facial',42,'cold','booked','referido','2026-05-13T21:30:03.520Z','none',NULL,'',1);
INSERT INTO leads (id,tenant_id,name,phone,treatment,quiz_score,temperature,status,source,created_at,call_priority,recover_state,tags,chatted) VALUES ('l_ademo27','aura-demo','Valeria Ortiz','610003699','Peeling químico',49,'hot','attended','embudo','2026-05-12T21:30:03.520Z','none',NULL,'VIP',1);
INSERT INTO leads (id,tenant_id,name,phone,treatment,quiz_score,temperature,status,source,created_at,call_priority,recover_state,tags,chatted) VALUES ('l_ademo28','aura-demo','Noelia Iglesias','610003836','Rinomodelación',56,'warm','client','instagram','2026-05-11T21:30:03.520Z','none',NULL,'Recurrente',1);
INSERT INTO leads (id,tenant_id,name,phone,treatment,quiz_score,temperature,status,source,created_at,call_priority,recover_state,tags,chatted) VALUES ('l_ademo29','aura-demo','Lorena Medina','610003973','Mesoterapia facial',63,'cold','client','referido','2026-05-10T21:30:03.520Z','none',NULL,'',1);
INSERT INTO leads (id,tenant_id,name,phone,treatment,quiz_score,temperature,status,source,created_at,call_priority,recover_state,tags,chatted) VALUES ('l_ademo30','aura-demo','Teresa Cano','610004110','Aumento de labios',70,'hot','client','embudo','2026-05-09T21:30:03.520Z','none',NULL,'',1);
INSERT INTO leads (id,tenant_id,name,phone,treatment,quiz_score,temperature,status,source,created_at,call_priority,recover_state,tags,chatted) VALUES ('l_ademo31','aura-demo','Ángela Prieto','610004247','Botox (1 zona)',77,'warm','lost','instagram','2026-05-08T21:30:03.520Z','none',NULL,'',1);
INSERT INTO leads (id,tenant_id,name,phone,treatment,quiz_score,temperature,status,source,created_at,call_priority,recover_state,tags,chatted) VALUES ('l_ademo32','aura-demo','Verónica Cruz','610004384','Láser facial',84,'cold','noshow','referido','2026-05-07T21:30:03.520Z','urgent','noshow','',1);
INSERT INTO leads (id,tenant_id,name,phone,treatment,quiz_score,temperature,status,source,created_at,call_priority,recover_state,tags,chatted) VALUES ('l_ademo33','aura-demo','Miriam Flores','610004521','Peeling químico',91,'hot','new','embudo','2026-05-06T21:30:03.520Z','none',NULL,'',0);
INSERT INTO leads (id,tenant_id,name,phone,treatment,quiz_score,temperature,status,source,created_at,call_priority,recover_state,tags,chatted) VALUES ('l_ademo34','aura-demo','Inés Herrera','610004658','Rinomodelación',98,'warm','new','instagram','2026-05-05T21:30:03.520Z','none',NULL,'',0);
INSERT INTO leads (id,tenant_id,name,phone,treatment,quiz_score,temperature,status,source,created_at,call_priority,recover_state,tags,chatted) VALUES ('l_ademo35','aura-demo','Pilar Peña','610004795','Mesoterapia facial',45,'cold','whatsapp','referido','2026-05-04T21:30:03.520Z','none',NULL,'Recurrente',1);
INSERT INTO leads (id,tenant_id,name,phone,treatment,quiz_score,temperature,status,source,created_at,call_priority,recover_state,tags,chatted) VALUES ('l_ademo36','aura-demo','Sandra Cabrera','610004932','Aumento de labios',52,'hot','booked','embudo','2026-05-03T21:30:03.520Z','none',NULL,'VIP',1);
INSERT INTO leads (id,tenant_id,name,phone,treatment,quiz_score,temperature,status,source,created_at,call_priority,recover_state,tags,chatted) VALUES ('l_ademo37','aura-demo','Gloria León','610005069','Botox (1 zona)',59,'warm','booked','instagram','2026-05-02T21:30:03.520Z','none',NULL,'',1);
INSERT INTO leads (id,tenant_id,name,phone,treatment,quiz_score,temperature,status,source,created_at,call_priority,recover_state,tags,chatted) VALUES ('l_ademo38','aura-demo','Lola Vidal','610005206','Láser facial',66,'cold','attended','referido','2026-05-01T21:30:03.520Z','none',NULL,'',1);
INSERT INTO leads (id,tenant_id,name,phone,treatment,quiz_score,temperature,status,source,created_at,call_priority,recover_state,tags,chatted) VALUES ('l_ademo39','aura-demo','Rosa Márquez','610005343','Peeling químico',73,'hot','client','embudo','2026-04-30T21:30:03.520Z','none',NULL,'',1);
INSERT INTO leads (id,tenant_id,name,phone,treatment,quiz_score,temperature,status,source,created_at,call_priority,recover_state,tags,chatted) VALUES ('l_ademo40','aura-demo','Diego Pérez','610005480','Rinomodelación',80,'warm','client','instagram','2026-04-29T21:30:03.520Z','none',NULL,'',1);
INSERT INTO leads (id,tenant_id,name,phone,treatment,quiz_score,temperature,status,source,created_at,call_priority,recover_state,tags,chatted) VALUES ('l_ademo41','aura-demo','Javier Soto','610005617','Mesoterapia facial',87,'cold','client','referido','2026-04-28T21:30:03.520Z','none',NULL,'',1);
INSERT INTO leads (id,tenant_id,name,phone,treatment,quiz_score,temperature,status,source,created_at,call_priority,recover_state,tags,chatted) VALUES ('l_ademo42','aura-demo','Carlos Núñez','610005754','Aumento de labios',94,'hot','lost','embudo','2026-04-27T21:30:03.520Z','none',NULL,'Recurrente',1);
INSERT INTO leads (id,tenant_id,name,phone,treatment,quiz_score,temperature,status,source,created_at,call_priority,recover_state,tags,chatted) VALUES ('l_ademo43','aura-demo','Pablo Gallego','610005891','Botox (1 zona)',41,'warm','noshow','instagram','2026-04-26T21:30:03.520Z','urgent','noshow','',1);
INSERT INTO leads (id,tenant_id,name,phone,treatment,quiz_score,temperature,status,source,created_at,call_priority,recover_state,tags,chatted) VALUES ('l_ademo44','aura-demo','Sergio Campos','610006028','Láser facial',48,'cold','new','referido','2026-04-25T21:30:03.520Z','none',NULL,'',0);
INSERT INTO leads (id,tenant_id,name,phone,treatment,quiz_score,temperature,status,source,created_at,call_priority,recover_state,tags,chatted) VALUES ('l_ademo45','aura-demo','Adrián Ríos','610006165','Peeling químico',55,'hot','new','embudo','2026-06-08T21:30:03.520Z','none',NULL,'VIP',0);
INSERT INTO leads (id,tenant_id,name,phone,treatment,quiz_score,temperature,status,source,created_at,call_priority,recover_state,tags,chatted) VALUES ('l_ademo46','aura-demo','Hugo Vargas','610006302','Rinomodelación',62,'warm','whatsapp','instagram','2026-06-07T21:30:03.520Z','none',NULL,'',1);
INSERT INTO leads (id,tenant_id,name,phone,treatment,quiz_score,temperature,status,source,created_at,call_priority,recover_state,tags,chatted) VALUES ('l_ademo47','aura-demo','Marcos Reyes','610006439','Mesoterapia facial',69,'cold','booked','referido','2026-06-06T21:30:03.520Z','none',NULL,'',1);
INSERT INTO leads (id,tenant_id,name,phone,treatment,quiz_score,temperature,status,source,created_at,call_priority,recover_state,tags,chatted) VALUES ('l_ademo48','aura-demo','Iván Crespo','610006576','Aumento de labios',76,'hot','booked','embudo','2026-06-05T21:30:03.520Z','none',NULL,'',1);
INSERT INTO leads (id,tenant_id,name,phone,treatment,quiz_score,temperature,status,source,created_at,call_priority,recover_state,tags,chatted) VALUES ('l_ademo49','aura-demo','Rubén Santos','610006713','Botox (1 zona)',83,'warm','attended','instagram','2026-06-04T21:30:03.520Z','none',NULL,'Recurrente',1);
INSERT INTO leads (id,tenant_id,name,phone,treatment,quiz_score,temperature,status,source,created_at,call_priority,recover_state,tags,chatted) VALUES ('l_ademo50','aura-demo','María García','610006850','Láser facial',90,'cold','client','referido','2026-06-03T21:30:03.520Z','none',NULL,'',1);
INSERT INTO leads (id,tenant_id,name,phone,treatment,quiz_score,temperature,status,source,created_at,call_priority,recover_state,tags,chatted) VALUES ('l_ademo51','aura-demo','Laura Fernández','610006987','Peeling químico',97,'hot','client','embudo','2026-06-02T21:30:03.520Z','none',NULL,'',1);
INSERT INTO leads (id,tenant_id,name,phone,treatment,quiz_score,temperature,status,source,created_at,call_priority,recover_state,tags,chatted) VALUES ('l_ademo52','aura-demo','Carmen Ruiz','610007124','Rinomodelación',44,'warm','client','instagram','2026-06-01T21:30:03.520Z','none',NULL,'',1);
INSERT INTO leads (id,tenant_id,name,phone,treatment,quiz_score,temperature,status,source,created_at,call_priority,recover_state,tags,chatted) VALUES ('l_ademo53','aura-demo','Ana Martín','610007261','Mesoterapia facial',51,'cold','lost','referido','2026-05-31T21:30:03.520Z','none',NULL,'',1);
INSERT INTO leads (id,tenant_id,name,phone,treatment,quiz_score,temperature,status,source,created_at,call_priority,recover_state,tags,chatted) VALUES ('l_ademo54','aura-demo','Lucía López','610007398','Aumento de labios',58,'hot','noshow','embudo','2026-05-30T21:30:03.520Z','urgent','noshow','VIP',1);
INSERT INTO appointments (id,tenant_id,lead_id,treatment,date_iso,duration_min,status,professional_id,confirmed,created_at) VALUES ('a_ademo0','aura-demo','l_ademo0','Aumento de labios','2026-06-09T10:00',30,'attended','pro_ademo1',1,'2026-06-07T21:30:03.520Z');
INSERT INTO appointments (id,tenant_id,lead_id,treatment,date_iso,duration_min,status,professional_id,confirmed,created_at) VALUES ('a_ademo1','aura-demo','l_ademo1','Botox (1 zona)','2026-06-09T10:30',15,'attended','pro_ademo2',0,'2026-06-07T21:30:03.520Z');
INSERT INTO appointments (id,tenant_id,lead_id,treatment,date_iso,duration_min,status,professional_id,confirmed,created_at) VALUES ('a_ademo2','aura-demo','l_ademo2','Láser facial','2026-06-09T11:00',60,'attended','pro_ademo1',1,'2026-06-07T21:30:03.520Z');
INSERT INTO appointments (id,tenant_id,lead_id,treatment,date_iso,duration_min,status,professional_id,confirmed,created_at) VALUES ('a_ademo3','aura-demo','l_ademo3','Peeling químico','2026-06-09T11:30',30,'booked','pro_ademo2',0,'2026-06-07T21:30:03.520Z');
INSERT INTO appointments (id,tenant_id,lead_id,treatment,date_iso,duration_min,status,professional_id,confirmed,created_at) VALUES ('a_ademo4','aura-demo','l_ademo4','Rinomodelación','2026-06-09T12:30',60,'booked','pro_ademo1',1,'2026-06-07T21:30:03.520Z');
INSERT INTO appointments (id,tenant_id,lead_id,treatment,date_iso,duration_min,status,professional_id,confirmed,created_at) VALUES ('a_ademo5','aura-demo','l_ademo5','Mesoterapia facial','2026-06-09T16:00',30,'booked','pro_ademo2',0,'2026-06-07T21:30:03.520Z');
INSERT INTO appointments (id,tenant_id,lead_id,treatment,date_iso,duration_min,status,professional_id,confirmed,created_at) VALUES ('a_ademo6','aura-demo','l_ademo6','Aumento de labios','2026-06-09T16:30',30,'booked','pro_ademo1',1,'2026-06-07T21:30:03.520Z');
INSERT INTO appointments (id,tenant_id,lead_id,treatment,date_iso,duration_min,status,professional_id,confirmed,created_at) VALUES ('a_ademo7','aura-demo','l_ademo7','Botox (1 zona)','2026-06-09T17:30',15,'booked','pro_ademo2',0,'2026-06-07T21:30:03.520Z');
INSERT INTO appointments (id,tenant_id,lead_id,treatment,date_iso,duration_min,status,professional_id,confirmed,created_at) VALUES ('a_ademo8','aura-demo','l_ademo8','Láser facial','2026-06-09T18:00',60,'booked','pro_ademo1',1,'2026-06-07T21:30:03.520Z');
INSERT INTO appointments (id,tenant_id,lead_id,treatment,date_iso,duration_min,status,professional_id,confirmed,created_at) VALUES ('a_ademo9','aura-demo','l_ademo3','Peeling químico','2026-06-10T10:00',30,'booked','pro_ademo1',0,'2026-06-08T21:30:03.520Z');
INSERT INTO appointments (id,tenant_id,lead_id,treatment,date_iso,duration_min,status,professional_id,confirmed,created_at) VALUES ('a_ademo10','aura-demo','l_ademo4','Rinomodelación','2026-06-10T12:00',30,'booked','pro_ademo2',1,'2026-06-08T21:30:03.520Z');
INSERT INTO appointments (id,tenant_id,lead_id,treatment,date_iso,duration_min,status,professional_id,confirmed,created_at) VALUES ('a_ademo11','aura-demo','l_ademo5','Mesoterapia facial','2026-06-10T17:00',30,'booked','pro_ademo1',0,'2026-06-08T21:30:03.520Z');
INSERT INTO appointments (id,tenant_id,lead_id,treatment,date_iso,duration_min,status,professional_id,confirmed,created_at) VALUES ('a_ademo12','aura-demo','l_ademo6','Aumento de labios','2026-06-11T10:00',30,'booked','pro_ademo1',0,'2026-06-08T21:30:03.520Z');
INSERT INTO appointments (id,tenant_id,lead_id,treatment,date_iso,duration_min,status,professional_id,confirmed,created_at) VALUES ('a_ademo13','aura-demo','l_ademo7','Botox (1 zona)','2026-06-11T12:00',30,'booked','pro_ademo2',1,'2026-06-08T21:30:03.520Z');
INSERT INTO appointments (id,tenant_id,lead_id,treatment,date_iso,duration_min,status,professional_id,confirmed,created_at) VALUES ('a_ademo14','aura-demo','l_ademo8','Láser facial','2026-06-11T17:00',30,'booked','pro_ademo1',0,'2026-06-08T21:30:03.520Z');
INSERT INTO appointments (id,tenant_id,lead_id,treatment,date_iso,duration_min,status,professional_id,confirmed,created_at) VALUES ('a_ademo15','aura-demo','l_ademo9','Peeling químico','2026-06-12T10:00',30,'booked','pro_ademo1',0,'2026-06-08T21:30:03.520Z');
INSERT INTO appointments (id,tenant_id,lead_id,treatment,date_iso,duration_min,status,professional_id,confirmed,created_at) VALUES ('a_ademo16','aura-demo','l_ademo10','Rinomodelación','2026-06-12T12:00',30,'booked','pro_ademo2',1,'2026-06-08T21:30:03.520Z');
INSERT INTO appointments (id,tenant_id,lead_id,treatment,date_iso,duration_min,status,professional_id,confirmed,created_at) VALUES ('a_ademo17','aura-demo','l_ademo11','Mesoterapia facial','2026-06-12T17:00',30,'booked','pro_ademo1',0,'2026-06-08T21:30:03.520Z');
INSERT INTO appointments (id,tenant_id,lead_id,treatment,date_iso,duration_min,status,professional_id,confirmed,created_at) VALUES ('a_ademo18','aura-demo','l_ademo18','Aumento de labios','2026-06-15T10:00',30,'booked','pro_ademo1',0,'2026-06-08T21:30:03.520Z');
INSERT INTO appointments (id,tenant_id,lead_id,treatment,date_iso,duration_min,status,professional_id,confirmed,created_at) VALUES ('a_ademo19','aura-demo','l_ademo19','Botox (1 zona)','2026-06-15T12:00',30,'booked','pro_ademo2',1,'2026-06-08T21:30:03.520Z');
INSERT INTO appointments (id,tenant_id,lead_id,treatment,date_iso,duration_min,status,professional_id,confirmed,created_at) VALUES ('a_ademo20','aura-demo','l_ademo20','Láser facial','2026-06-15T17:00',30,'booked','pro_ademo1',0,'2026-06-08T21:30:03.520Z');
INSERT INTO treatments_log (id,tenant_id,lead_id,name,amount,pay_status,date_iso,method,cost) VALUES ('t_ademo0','aura-demo','l_ademo0','Aumento de labios',350,'paid','2026-06-09T21:30:03.520Z','efectivo',45);
INSERT INTO points_ledger (id,tenant_id,lead_id,delta,reason,created_at) VALUES ('pt_ademo0','aura-demo','l_ademo0',350,'compra','2026-06-09T21:30:03.520Z');
INSERT INTO treatments_log (id,tenant_id,lead_id,name,amount,pay_status,date_iso,method,cost) VALUES ('t_ademo1','aura-demo','l_ademo1','Botox (1 zona)',220,'paid','2026-06-09T21:30:03.520Z','tarjeta',60);
INSERT INTO points_ledger (id,tenant_id,lead_id,delta,reason,created_at) VALUES ('pt_ademo1','aura-demo','l_ademo1',220,'compra','2026-06-09T21:30:03.520Z');
INSERT INTO treatments_log (id,tenant_id,lead_id,name,amount,pay_status,date_iso,method,cost) VALUES ('t_ademo2','aura-demo','l_ademo2','Láser facial',180,'paid','2026-06-09T21:30:03.520Z','tarjeta',10);
INSERT INTO points_ledger (id,tenant_id,lead_id,delta,reason,created_at) VALUES ('pt_ademo2','aura-demo','l_ademo2',180,'compra','2026-06-09T21:30:03.520Z');
INSERT INTO treatments_log (id,tenant_id,lead_id,name,amount,pay_status,date_iso,method,cost) VALUES ('t_ademo3','aura-demo','l_ademo3','Peeling químico',120,'paid','2026-06-09T21:30:03.520Z','bizum',10);
INSERT INTO points_ledger (id,tenant_id,lead_id,delta,reason,created_at) VALUES ('pt_ademo3','aura-demo','l_ademo3',120,'compra','2026-06-09T21:30:03.520Z');
INSERT INTO treatments_log (id,tenant_id,lead_id,name,amount,pay_status,date_iso,method,cost) VALUES ('t_ademo4','aura-demo','l_ademo4','Rinomodelación',450,'paid','2026-06-09T21:30:03.520Z','transferencia',45);
INSERT INTO points_ledger (id,tenant_id,lead_id,delta,reason,created_at) VALUES ('pt_ademo4','aura-demo','l_ademo4',450,'compra','2026-06-09T21:30:03.520Z');
INSERT INTO treatments_log (id,tenant_id,lead_id,name,amount,pay_status,date_iso,method,cost) VALUES ('t_ademo5','aura-demo','l_ademo5','Mesoterapia facial',150,'paid','2026-06-09T21:30:03.520Z','efectivo',10);
INSERT INTO points_ledger (id,tenant_id,lead_id,delta,reason,created_at) VALUES ('pt_ademo5','aura-demo','l_ademo5',150,'compra','2026-06-09T21:30:03.520Z');
INSERT INTO treatments_log (id,tenant_id,lead_id,name,amount,pay_status,date_iso,method,cost) VALUES ('t_ademo6','aura-demo','l_ademo6','Aumento de labios',350,'paid','2026-06-09T21:30:03.520Z','tarjeta',45);
INSERT INTO points_ledger (id,tenant_id,lead_id,delta,reason,created_at) VALUES ('pt_ademo6','aura-demo','l_ademo6',350,'compra','2026-06-09T21:30:03.520Z');
INSERT INTO treatments_log (id,tenant_id,lead_id,name,amount,pay_status,date_iso,method,cost) VALUES ('t_ademo7','aura-demo','l_ademo7','Botox (1 zona)',220,'paid','2026-06-09T21:30:03.520Z','tarjeta',60);
INSERT INTO points_ledger (id,tenant_id,lead_id,delta,reason,created_at) VALUES ('pt_ademo7','aura-demo','l_ademo7',220,'compra','2026-06-09T21:30:03.520Z');
INSERT INTO treatments_log (id,tenant_id,lead_id,name,amount,pay_status,date_iso,method,cost) VALUES ('t_ademo8','aura-demo','l_ademo8','Láser facial',180,'paid','2026-05-31T21:30:03.520Z','bizum',10);
INSERT INTO points_ledger (id,tenant_id,lead_id,delta,reason,created_at) VALUES ('pt_ademo8','aura-demo','l_ademo8',180,'compra','2026-05-31T21:30:03.520Z');
INSERT INTO treatments_log (id,tenant_id,lead_id,name,amount,pay_status,date_iso,method,cost) VALUES ('t_ademo9','aura-demo','l_ademo9','Peeling químico',120,'paid','2026-05-30T21:30:03.520Z','transferencia',10);
INSERT INTO points_ledger (id,tenant_id,lead_id,delta,reason,created_at) VALUES ('pt_ademo9','aura-demo','l_ademo9',120,'compra','2026-05-30T21:30:03.520Z');
INSERT INTO treatments_log (id,tenant_id,lead_id,name,amount,pay_status,date_iso,method,cost) VALUES ('t_ademo10','aura-demo','l_ademo10','Rinomodelación',450,'paid','2026-05-29T21:30:03.520Z','efectivo',45);
INSERT INTO points_ledger (id,tenant_id,lead_id,delta,reason,created_at) VALUES ('pt_ademo10','aura-demo','l_ademo10',450,'compra','2026-05-29T21:30:03.520Z');
INSERT INTO treatments_log (id,tenant_id,lead_id,name,amount,pay_status,date_iso,method,cost) VALUES ('t_ademo11','aura-demo','l_ademo11','Mesoterapia facial',150,'paid','2026-05-28T21:30:03.520Z','tarjeta',10);
INSERT INTO points_ledger (id,tenant_id,lead_id,delta,reason,created_at) VALUES ('pt_ademo11','aura-demo','l_ademo11',150,'compra','2026-05-28T21:30:03.520Z');
INSERT INTO treatments_log (id,tenant_id,lead_id,name,amount,pay_status,date_iso,method,cost) VALUES ('t_ademo12','aura-demo','l_ademo12','Aumento de labios',350,'paid','2026-05-27T21:30:03.520Z','tarjeta',45);
INSERT INTO points_ledger (id,tenant_id,lead_id,delta,reason,created_at) VALUES ('pt_ademo12','aura-demo','l_ademo12',350,'compra','2026-05-27T21:30:03.520Z');
INSERT INTO treatments_log (id,tenant_id,lead_id,name,amount,pay_status,date_iso,method,cost) VALUES ('t_ademo13','aura-demo','l_ademo13','Botox (1 zona)',220,'paid','2026-05-26T21:30:03.520Z','bizum',60);
INSERT INTO points_ledger (id,tenant_id,lead_id,delta,reason,created_at) VALUES ('pt_ademo13','aura-demo','l_ademo13',220,'compra','2026-05-26T21:30:03.520Z');
INSERT INTO treatments_log (id,tenant_id,lead_id,name,amount,pay_status,date_iso,method,cost) VALUES ('t_ademo14','aura-demo','l_ademo14','Láser facial',180,'paid','2026-05-25T21:30:03.520Z','transferencia',10);
INSERT INTO points_ledger (id,tenant_id,lead_id,delta,reason,created_at) VALUES ('pt_ademo14','aura-demo','l_ademo14',180,'compra','2026-05-25T21:30:03.520Z');
INSERT INTO treatments_log (id,tenant_id,lead_id,name,amount,pay_status,date_iso,method,cost) VALUES ('t_ademo15','aura-demo','l_ademo15','Peeling químico',120,'paid','2026-05-24T21:30:03.520Z','efectivo',10);
INSERT INTO points_ledger (id,tenant_id,lead_id,delta,reason,created_at) VALUES ('pt_ademo15','aura-demo','l_ademo15',120,'compra','2026-05-24T21:30:03.520Z');
INSERT INTO treatments_log (id,tenant_id,lead_id,name,amount,pay_status,date_iso,method,cost) VALUES ('t_ademo16','aura-demo','l_ademo16','Rinomodelación',450,'paid','2026-05-23T21:30:03.520Z','tarjeta',45);
INSERT INTO points_ledger (id,tenant_id,lead_id,delta,reason,created_at) VALUES ('pt_ademo16','aura-demo','l_ademo16',450,'compra','2026-05-23T21:30:03.520Z');
INSERT INTO treatments_log (id,tenant_id,lead_id,name,amount,pay_status,date_iso,method,cost) VALUES ('t_ademo17','aura-demo','l_ademo17','Mesoterapia facial',150,'paid','2026-05-22T21:30:03.520Z','tarjeta',10);
INSERT INTO points_ledger (id,tenant_id,lead_id,delta,reason,created_at) VALUES ('pt_ademo17','aura-demo','l_ademo17',150,'compra','2026-05-22T21:30:03.520Z');
INSERT INTO treatments_log (id,tenant_id,lead_id,name,amount,pay_status,date_iso,method,cost) VALUES ('t_ademo18','aura-demo','l_ademo18','Aumento de labios',350,'paid','2026-05-21T21:30:03.520Z','bizum',45);
INSERT INTO points_ledger (id,tenant_id,lead_id,delta,reason,created_at) VALUES ('pt_ademo18','aura-demo','l_ademo18',350,'compra','2026-05-21T21:30:03.520Z');
INSERT INTO treatments_log (id,tenant_id,lead_id,name,amount,pay_status,date_iso,method,cost) VALUES ('t_ademo19','aura-demo','l_ademo19','Botox (1 zona)',220,'paid','2026-05-20T21:30:03.520Z','transferencia',60);
INSERT INTO points_ledger (id,tenant_id,lead_id,delta,reason,created_at) VALUES ('pt_ademo19','aura-demo','l_ademo19',220,'compra','2026-05-20T21:30:03.520Z');
INSERT INTO treatments_log (id,tenant_id,lead_id,name,amount,pay_status,date_iso,method,cost) VALUES ('t_ademo20','aura-demo','l_ademo20','Láser facial',180,'paid','2026-05-19T21:30:03.520Z','efectivo',10);
INSERT INTO points_ledger (id,tenant_id,lead_id,delta,reason,created_at) VALUES ('pt_ademo20','aura-demo','l_ademo20',180,'compra','2026-05-19T21:30:03.520Z');
INSERT INTO treatments_log (id,tenant_id,lead_id,name,amount,pay_status,date_iso,method,cost) VALUES ('t_ademo21','aura-demo','l_ademo21','Peeling químico',120,'paid','2026-05-18T21:30:03.520Z','tarjeta',10);
INSERT INTO points_ledger (id,tenant_id,lead_id,delta,reason,created_at) VALUES ('pt_ademo21','aura-demo','l_ademo21',120,'compra','2026-05-18T21:30:03.520Z');
INSERT INTO treatments_log (id,tenant_id,lead_id,name,amount,pay_status,date_iso,method,cost) VALUES ('t_ademo22','aura-demo','l_ademo22','Rinomodelación',450,'paid','2026-05-17T21:30:03.520Z','tarjeta',45);
INSERT INTO points_ledger (id,tenant_id,lead_id,delta,reason,created_at) VALUES ('pt_ademo22','aura-demo','l_ademo22',450,'compra','2026-05-17T21:30:03.520Z');
INSERT INTO treatments_log (id,tenant_id,lead_id,name,amount,pay_status,date_iso,method,cost) VALUES ('t_ademo23','aura-demo','l_ademo23','Mesoterapia facial',150,'paid','2026-05-16T21:30:03.520Z','bizum',10);
INSERT INTO points_ledger (id,tenant_id,lead_id,delta,reason,created_at) VALUES ('pt_ademo23','aura-demo','l_ademo23',150,'compra','2026-05-16T21:30:03.520Z');
INSERT INTO treatments_log (id,tenant_id,lead_id,name,amount,pay_status,date_iso,method,cost) VALUES ('t_ademo24','aura-demo','l_ademo24','Aumento de labios',350,'paid','2026-05-15T21:30:03.520Z','transferencia',45);
INSERT INTO points_ledger (id,tenant_id,lead_id,delta,reason,created_at) VALUES ('pt_ademo24','aura-demo','l_ademo24',350,'compra','2026-05-15T21:30:03.520Z');
INSERT INTO treatments_log (id,tenant_id,lead_id,name,amount,pay_status,date_iso,method,cost) VALUES ('t_ademo25','aura-demo','l_ademo25','Botox (1 zona)',220,'paid','2026-05-14T21:30:03.520Z','efectivo',60);
INSERT INTO points_ledger (id,tenant_id,lead_id,delta,reason,created_at) VALUES ('pt_ademo25','aura-demo','l_ademo25',220,'compra','2026-05-14T21:30:03.520Z');
INSERT INTO treatments_log (id,tenant_id,lead_id,name,amount,pay_status,date_iso,method,cost) VALUES ('t_ademo26','aura-demo','l_ademo26','Láser facial',180,'paid','2026-05-13T21:30:03.520Z','tarjeta',10);
INSERT INTO points_ledger (id,tenant_id,lead_id,delta,reason,created_at) VALUES ('pt_ademo26','aura-demo','l_ademo26',180,'compra','2026-05-13T21:30:03.520Z');
INSERT INTO treatments_log (id,tenant_id,lead_id,name,amount,pay_status,date_iso,method,cost) VALUES ('t_ademo27','aura-demo','l_ademo27','Peeling químico',120,'paid','2026-05-12T21:30:03.520Z','tarjeta',10);
INSERT INTO points_ledger (id,tenant_id,lead_id,delta,reason,created_at) VALUES ('pt_ademo27','aura-demo','l_ademo27',120,'compra','2026-05-12T21:30:03.520Z');
INSERT INTO treatments_log (id,tenant_id,lead_id,name,amount,pay_status,date_iso,method,cost) VALUES ('t_ademo28','aura-demo','l_ademo28','Rinomodelación',450,'paid','2026-06-08T21:30:03.520Z','bizum',45);
INSERT INTO points_ledger (id,tenant_id,lead_id,delta,reason,created_at) VALUES ('pt_ademo28','aura-demo','l_ademo28',450,'compra','2026-06-08T21:30:03.520Z');
INSERT INTO treatments_log (id,tenant_id,lead_id,name,amount,pay_status,date_iso,method,cost) VALUES ('t_ademo29','aura-demo','l_ademo29','Mesoterapia facial',150,'paid','2026-06-07T21:30:03.520Z','transferencia',10);
INSERT INTO points_ledger (id,tenant_id,lead_id,delta,reason,created_at) VALUES ('pt_ademo29','aura-demo','l_ademo29',150,'compra','2026-06-07T21:30:03.520Z');
INSERT INTO treatments_log (id,tenant_id,lead_id,name,amount,pay_status,date_iso,method,cost) VALUES ('t_ademo30','aura-demo','l_ademo30','Aumento de labios',350,'paid','2026-06-06T21:30:03.520Z','efectivo',45);
INSERT INTO points_ledger (id,tenant_id,lead_id,delta,reason,created_at) VALUES ('pt_ademo30','aura-demo','l_ademo30',350,'compra','2026-06-06T21:30:03.520Z');
INSERT INTO treatments_log (id,tenant_id,lead_id,name,amount,pay_status,date_iso,method,cost) VALUES ('t_ademo31','aura-demo','l_ademo31','Botox (1 zona)',220,'paid','2026-06-05T21:30:03.520Z','tarjeta',60);
INSERT INTO points_ledger (id,tenant_id,lead_id,delta,reason,created_at) VALUES ('pt_ademo31','aura-demo','l_ademo31',220,'compra','2026-06-05T21:30:03.520Z');
INSERT INTO treatments_log (id,tenant_id,lead_id,name,amount,pay_status,date_iso,method,cost) VALUES ('t_ademo32','aura-demo','l_ademo32','Láser facial',180,'paid','2026-06-04T21:30:03.520Z','tarjeta',10);
INSERT INTO points_ledger (id,tenant_id,lead_id,delta,reason,created_at) VALUES ('pt_ademo32','aura-demo','l_ademo32',180,'compra','2026-06-04T21:30:03.520Z');
INSERT INTO treatments_log (id,tenant_id,lead_id,name,amount,pay_status,date_iso,method,cost) VALUES ('t_ademo33','aura-demo','l_ademo33','Peeling químico',120,'paid','2026-06-03T21:30:03.520Z','bizum',10);
INSERT INTO points_ledger (id,tenant_id,lead_id,delta,reason,created_at) VALUES ('pt_ademo33','aura-demo','l_ademo33',120,'compra','2026-06-03T21:30:03.520Z');
INSERT INTO treatments_log (id,tenant_id,lead_id,name,amount,pay_status,date_iso,method,cost) VALUES ('t_ademo34','aura-demo','l_ademo34','Rinomodelación',450,'paid','2026-06-02T21:30:03.520Z','transferencia',45);
INSERT INTO points_ledger (id,tenant_id,lead_id,delta,reason,created_at) VALUES ('pt_ademo34','aura-demo','l_ademo34',450,'compra','2026-06-02T21:30:03.520Z');
INSERT INTO treatments_log (id,tenant_id,lead_id,name,amount,pay_status,date_iso,method,cost) VALUES ('t_ademo35','aura-demo','l_ademo35','Mesoterapia facial',150,'paid','2026-06-01T21:30:03.520Z','efectivo',10);
INSERT INTO points_ledger (id,tenant_id,lead_id,delta,reason,created_at) VALUES ('pt_ademo35','aura-demo','l_ademo35',150,'compra','2026-06-01T21:30:03.520Z');
INSERT INTO treatments_log (id,tenant_id,lead_id,name,amount,pay_status,date_iso,method,cost) VALUES ('t_ademo36','aura-demo','l_ademo36','Aumento de labios',350,'paid','2026-05-31T21:30:03.520Z','tarjeta',45);
INSERT INTO points_ledger (id,tenant_id,lead_id,delta,reason,created_at) VALUES ('pt_ademo36','aura-demo','l_ademo36',350,'compra','2026-05-31T21:30:03.520Z');
INSERT INTO treatments_log (id,tenant_id,lead_id,name,amount,pay_status,date_iso,method,cost) VALUES ('t_ademo37','aura-demo','l_ademo37','Botox (1 zona)',220,'paid','2026-05-30T21:30:03.520Z','tarjeta',60);
INSERT INTO points_ledger (id,tenant_id,lead_id,delta,reason,created_at) VALUES ('pt_ademo37','aura-demo','l_ademo37',220,'compra','2026-05-30T21:30:03.520Z');
INSERT INTO treatments_log (id,tenant_id,lead_id,name,amount,pay_status,date_iso,method,cost) VALUES ('t_ademo38','aura-demo','l_ademo38','Láser facial',180,'paid','2026-05-29T21:30:03.520Z','bizum',10);
INSERT INTO points_ledger (id,tenant_id,lead_id,delta,reason,created_at) VALUES ('pt_ademo38','aura-demo','l_ademo38',180,'compra','2026-05-29T21:30:03.520Z');
INSERT INTO treatments_log (id,tenant_id,lead_id,name,amount,pay_status,date_iso,method,cost) VALUES ('t_ademo39','aura-demo','l_ademo39','Peeling químico',120,'paid','2026-05-28T21:30:03.520Z','transferencia',10);
INSERT INTO points_ledger (id,tenant_id,lead_id,delta,reason,created_at) VALUES ('pt_ademo39','aura-demo','l_ademo39',120,'compra','2026-05-28T21:30:03.520Z');
INSERT INTO treatments_log (id,tenant_id,lead_id,name,amount,pay_status,date_iso,method,cost) VALUES ('t_ademo40','aura-demo','l_ademo40','Rinomodelación',450,'paid','2026-05-27T21:30:03.520Z','efectivo',45);
INSERT INTO points_ledger (id,tenant_id,lead_id,delta,reason,created_at) VALUES ('pt_ademo40','aura-demo','l_ademo40',450,'compra','2026-05-27T21:30:03.520Z');
INSERT INTO treatments_log (id,tenant_id,lead_id,name,amount,pay_status,date_iso,method,cost) VALUES ('t_ademo41','aura-demo','l_ademo41','Mesoterapia facial',150,'paid','2026-05-26T21:30:03.520Z','tarjeta',10);
INSERT INTO points_ledger (id,tenant_id,lead_id,delta,reason,created_at) VALUES ('pt_ademo41','aura-demo','l_ademo41',150,'compra','2026-05-26T21:30:03.520Z');
INSERT INTO points_ledger (id,tenant_id,lead_id,delta,reason,created_at) VALUES ('pt_ademob0','aura-demo','l_ademo0',100,'bienvenida','2026-06-08T21:30:03.520Z');
INSERT INTO points_ledger (id,tenant_id,lead_id,delta,reason,created_at) VALUES ('pt_ademob1','aura-demo','l_ademo1',100,'bienvenida','2026-06-07T21:30:03.520Z');
INSERT INTO points_ledger (id,tenant_id,lead_id,delta,reason,created_at) VALUES ('pt_ademob2','aura-demo','l_ademo2',100,'bienvenida','2026-06-06T21:30:03.520Z');
INSERT INTO points_ledger (id,tenant_id,lead_id,delta,reason,created_at) VALUES ('pt_ademob3','aura-demo','l_ademo3',100,'bienvenida','2026-06-05T21:30:03.520Z');
INSERT INTO points_ledger (id,tenant_id,lead_id,delta,reason,created_at) VALUES ('pt_ademob4','aura-demo','l_ademo4',100,'bienvenida','2026-06-04T21:30:03.520Z');
INSERT INTO points_ledger (id,tenant_id,lead_id,delta,reason,created_at) VALUES ('pt_ademob5','aura-demo','l_ademo5',100,'bienvenida','2026-06-03T21:30:03.520Z');
INSERT INTO points_ledger (id,tenant_id,lead_id,delta,reason,created_at) VALUES ('pt_ademob6','aura-demo','l_ademo6',100,'bienvenida','2026-06-02T21:30:03.520Z');
INSERT INTO points_ledger (id,tenant_id,lead_id,delta,reason,created_at) VALUES ('pt_ademob7','aura-demo','l_ademo7',100,'bienvenida','2026-06-01T21:30:03.520Z');
INSERT INTO points_ledger (id,tenant_id,lead_id,delta,reason,created_at) VALUES ('pt_ademob8','aura-demo','l_ademo8',100,'bienvenida','2026-05-31T21:30:03.520Z');
INSERT INTO points_ledger (id,tenant_id,lead_id,delta,reason,created_at) VALUES ('pt_ademob9','aura-demo','l_ademo9',100,'bienvenida','2026-05-30T21:30:03.520Z');
INSERT INTO points_ledger (id,tenant_id,lead_id,delta,reason,created_at) VALUES ('pt_ademob10','aura-demo','l_ademo10',100,'bienvenida','2026-05-29T21:30:03.520Z');
INSERT INTO points_ledger (id,tenant_id,lead_id,delta,reason,created_at) VALUES ('pt_ademob11','aura-demo','l_ademo11',100,'bienvenida','2026-05-28T21:30:03.520Z');
INSERT INTO points_ledger (id,tenant_id,lead_id,delta,reason,created_at) VALUES ('pt_ademob12','aura-demo','l_ademo12',100,'bienvenida','2026-05-27T21:30:03.520Z');
INSERT INTO points_ledger (id,tenant_id,lead_id,delta,reason,created_at) VALUES ('pt_ademob13','aura-demo','l_ademo13',100,'bienvenida','2026-05-26T21:30:03.520Z');
INSERT INTO points_ledger (id,tenant_id,lead_id,delta,reason,created_at) VALUES ('pt_ademob14','aura-demo','l_ademo14',100,'bienvenida','2026-05-25T21:30:03.520Z');
INSERT INTO bonos (id,tenant_id,lead_id,name,total_sessions,used_sessions,amount,status,created_at) VALUES ('b_ademo1','aura-demo','l_ademo6','Pack 5 sesiones láser',5,2,800,'active','2026-05-20T21:30:03.520Z');
INSERT INTO bonos (id,tenant_id,lead_id,name,total_sessions,used_sessions,amount,status,created_at) VALUES ('b_ademo2','aura-demo','l_ademo7','Bono 3 peelings',3,3,330,'done','2026-04-30T21:30:03.520Z');
INSERT INTO bonos (id,tenant_id,lead_id,name,total_sessions,used_sessions,amount,status,created_at) VALUES ('b_ademo3','aura-demo','l_ademo8','Pack 10 mesoterapia',10,4,1200,'active','2026-05-30T21:30:03.520Z');