
DELETE FROM leads WHERE tenant_id='clinica-elvira' AND name LIKE 'Demo %';
DELETE FROM appointments WHERE tenant_id='clinica-elvira' AND lead_id IN (SELECT id FROM leads WHERE name LIKE 'Demo %');
DELETE FROM treatments_log WHERE tenant_id='clinica-elvira' AND lead_id IN (SELECT id FROM leads WHERE name LIKE 'Demo %');
DELETE FROM consents_signed WHERE tenant_id='clinica-elvira' AND lead_id IN (SELECT id FROM leads WHERE name LIKE 'Demo %');
INSERT INTO leads (id, tenant_id, name, phone, treatment, status, temperature, chatted, wa_opened, created_at, recover_state, call_priority) VALUES ('l_demo0', 'clinica-elvira', 'Demo Paula López', '34600222000', 'Rinomodelación', 'lost', 'hot', 1, 1, 1779597987578, null, null);
INSERT INTO leads (id, tenant_id, name, phone, treatment, status, temperature, chatted, wa_opened, created_at, recover_state, call_priority) VALUES ('l_demo1', 'clinica-elvira', 'Demo Julia Gutiérrez', '34600222001', 'Limpieza facial', 'new', 'cold', 1, 1, 1776195987578, null, null);
INSERT INTO leads (id, tenant_id, name, phone, treatment, status, temperature, chatted, wa_opened, created_at, recover_state, call_priority) VALUES ('l_demo2', 'clinica-elvira', 'Demo Cristina Muñoz', '34600222002', 'Limpieza facial', 'booked', 'hot', 1, 1, 1778741187578, null, null);
INSERT INTO leads (id, tenant_id, name, phone, treatment, status, temperature, chatted, wa_opened, created_at, recover_state, call_priority) VALUES ('l_demo3', 'clinica-elvira', 'Demo Rosa Rodríguez', '34600222003', 'Aumento de labios', 'booked', 'warm', 1, 1, 1780353987578, null, null);
INSERT INTO leads (id, tenant_id, name, phone, treatment, status, temperature, chatted, wa_opened, created_at, recover_state, call_priority) VALUES ('l_demo4', 'clinica-elvira', 'Demo Patricia Álvarez', '34600222004', 'Limpieza facial', 'chatting', 'warm', 1, 1, 1780137987578, null, null);
INSERT INTO leads (id, tenant_id, name, phone, treatment, status, temperature, chatted, wa_opened, created_at, recover_state, call_priority) VALUES ('l_demo5', 'clinica-elvira', 'Demo Ana Jiménez', '34600222005', 'Botox', 'new', 'cold', 1, 1, 1778701587578, null, null);
INSERT INTO leads (id, tenant_id, name, phone, treatment, status, temperature, chatted, wa_opened, created_at, recover_state, call_priority) VALUES ('l_demo6', 'clinica-elvira', 'Demo Beatriz Díaz', '34600222006', 'Mesoterapia', 'client', 'hot', 1, 1, 1777517187578, null, null);
INSERT INTO leads (id, tenant_id, name, phone, treatment, status, temperature, chatted, wa_opened, created_at, recover_state, call_priority) VALUES ('l_demo7', 'clinica-elvira', 'Demo Julia González', '34600222007', 'Botox', 'chatting', 'hot', 1, 1, 1780159587578, null, null);
INSERT INTO leads (id, tenant_id, name, phone, treatment, status, temperature, chatted, wa_opened, created_at, recover_state, call_priority) VALUES ('l_demo8', 'clinica-elvira', 'Demo Inés Gutiérrez', '34600222008', 'Rinomodelación', 'client', 'warm', 1, 1, 1778633187578, null, null);
INSERT INTO leads (id, tenant_id, name, phone, treatment, status, temperature, chatted, wa_opened, created_at, recover_state, call_priority) VALUES ('l_demo9', 'clinica-elvira', 'Demo Silvia Díaz', '34600222009', 'Mesoterapia', 'lost', 'warm', 1, 1, 1778683587578, null, null);
INSERT INTO leads (id, tenant_id, name, phone, treatment, status, temperature, chatted, wa_opened, created_at, recover_state, call_priority) VALUES ('l_demo10', 'clinica-elvira', 'Demo Ana Gómez', '34600222010', 'Aumento de labios', 'booked', 'hot', 1, 1, 1778661987578, null, null);
INSERT INTO leads (id, tenant_id, name, phone, treatment, status, temperature, chatted, wa_opened, created_at, recover_state, call_priority) VALUES ('l_demo11', 'clinica-elvira', 'Demo Teresa Sánchez', '34600222011', 'Hilos tensores', 'lost', 'hot', 1, 1, 1776260787578, null, null);
INSERT INTO leads (id, tenant_id, name, phone, treatment, status, temperature, chatted, wa_opened, created_at, recover_state, call_priority) VALUES ('l_demo12', 'clinica-elvira', 'Demo Cristina Moreno', '34600222012', 'Rinomodelación', 'new', 'hot', 1, 1, 1778186787578, null, 'urgent');
INSERT INTO leads (id, tenant_id, name, phone, treatment, status, temperature, chatted, wa_opened, created_at, recover_state, call_priority) VALUES ('l_demo13', 'clinica-elvira', 'Demo Raquel Martín', '34600222013', 'Láser', 'booked', 'cold', 1, 1, 1776465987578, null, null);
INSERT INTO leads (id, tenant_id, name, phone, treatment, status, temperature, chatted, wa_opened, created_at, recover_state, call_priority) VALUES ('l_demo14', 'clinica-elvira', 'Demo Paula Hernández', '34600222014', 'Botox', 'new', 'hot', 1, 1, 1778978787578, null, 'urgent');
INSERT INTO leads (id, tenant_id, name, phone, treatment, status, temperature, chatted, wa_opened, created_at, recover_state, call_priority) VALUES ('l_demo15', 'clinica-elvira', 'Demo Nuria López', '34600222015', 'Láser', 'booked', 'cold', 1, 1, 1776876387578, null, null);
INSERT INTO leads (id, tenant_id, name, phone, treatment, status, temperature, chatted, wa_opened, created_at, recover_state, call_priority) VALUES ('l_demo16', 'clinica-elvira', 'Demo Laura Moreno', '34600222016', 'Mesoterapia', 'lost', 'cold', 1, 1, 1777070787578, null, null);
INSERT INTO leads (id, tenant_id, name, phone, treatment, status, temperature, chatted, wa_opened, created_at, recover_state, call_priority) VALUES ('l_demo17', 'clinica-elvira', 'Demo Laura Gutiérrez', '34600222017', 'Mesoterapia', 'client', 'warm', 1, 1, 1780267587578, null, null);
INSERT INTO leads (id, tenant_id, name, phone, treatment, status, temperature, chatted, wa_opened, created_at, recover_state, call_priority) VALUES ('l_demo18', 'clinica-elvira', 'Demo Irene Muñoz', '34600222018', 'Limpieza facial', 'chatting', 'hot', 1, 1, 1778114787578, null, null);
INSERT INTO leads (id, tenant_id, name, phone, treatment, status, temperature, chatted, wa_opened, created_at, recover_state, call_priority) VALUES ('l_demo19', 'clinica-elvira', 'Demo Sonia Martínez', '34600222019', 'Limpieza facial', 'booked', 'warm', 1, 1, 1778100387578, null, null);
INSERT INTO leads (id, tenant_id, name, phone, treatment, status, temperature, chatted, wa_opened, created_at, recover_state, call_priority) VALUES ('l_demo20', 'clinica-elvira', 'Demo Marina Moreno', '34600222020', 'Aumento de labios', 'new', 'cold', 1, 1, 1777531587578, null, null);
INSERT INTO leads (id, tenant_id, name, phone, treatment, status, temperature, chatted, wa_opened, created_at, recover_state, call_priority) VALUES ('l_demo21', 'clinica-elvira', 'Demo Julia Gómez', '34600222021', 'Rinomodelación', 'new', 'hot', 1, 1, 1778654787578, null, 'urgent');
INSERT INTO leads (id, tenant_id, name, phone, treatment, status, temperature, chatted, wa_opened, created_at, recover_state, call_priority) VALUES ('l_demo22', 'clinica-elvira', 'Demo Marta Rodríguez', '34600222022', 'Hilos tensores', 'client', 'cold', 1, 1, 1775864787578, null, null);
INSERT INTO leads (id, tenant_id, name, phone, treatment, status, temperature, chatted, wa_opened, created_at, recover_state, call_priority) VALUES ('l_demo23', 'clinica-elvira', 'Demo Marina Díaz', '34600222023', 'Láser', 'chatting', 'hot', 1, 1, 1779907587578, null, null);
INSERT INTO leads (id, tenant_id, name, phone, treatment, status, temperature, chatted, wa_opened, created_at, recover_state, call_priority) VALUES ('l_demo24', 'clinica-elvira', 'Demo Laura Díaz', '34600222024', 'Peeling', 'lost', 'hot', 1, 1, 1776055587578, null, null);
INSERT INTO leads (id, tenant_id, name, phone, treatment, status, temperature, chatted, wa_opened, created_at, recover_state, call_priority) VALUES ('l_demo25', 'clinica-elvira', 'Demo Nuria Sánchez', '34600222025', 'Rinomodelación', 'chatting', 'cold', 1, 1, 1779720387578, null, null);
INSERT INTO leads (id, tenant_id, name, phone, treatment, status, temperature, chatted, wa_opened, created_at, recover_state, call_priority) VALUES ('l_demo26', 'clinica-elvira', 'Demo Claudia Martín', '34600222026', 'Láser', 'client', 'hot', 1, 1, 1777146387578, null, null);
INSERT INTO leads (id, tenant_id, name, phone, treatment, status, temperature, chatted, wa_opened, created_at, recover_state, call_priority) VALUES ('l_demo27', 'clinica-elvira', 'Demo Noelia Rodríguez', '34600222027', 'Aumento de labios', 'booked', 'warm', 1, 1, 1775893587578, 'noshow', 'urgent');
INSERT INTO leads (id, tenant_id, name, phone, treatment, status, temperature, chatted, wa_opened, created_at, recover_state, call_priority) VALUES ('l_demo28', 'clinica-elvira', 'Demo Paula Díaz', '34600222028', 'Botox', 'lost', 'cold', 1, 1, 1780368387578, null, null);
INSERT INTO leads (id, tenant_id, name, phone, treatment, status, temperature, chatted, wa_opened, created_at, recover_state, call_priority) VALUES ('l_demo29', 'clinica-elvira', 'Demo Claudia Pérez', '34600222029', 'Láser', 'client', 'cold', 1, 1, 1779414387578, null, null);
INSERT INTO appointments (id, tenant_id, lead_id, professional_id, date_iso, status, created_at) VALUES ('a_demo0', 'clinica-elvira', 'l_demo15', 'pro_1', '2026-06-12T00:46:27.578Z', 'confirmed', 1781138787578);
INSERT INTO appointments (id, tenant_id, lead_id, professional_id, date_iso, status, created_at) VALUES ('a_demo1', 'clinica-elvira', 'l_demo0', 'pro_1', '2026-05-28T08:46:27.578Z', 'confirmed', 1779871587578);
INSERT INTO appointments (id, tenant_id, lead_id, professional_id, date_iso, status, created_at) VALUES ('a_demo2', 'clinica-elvira', 'l_demo16', 'pro_1', '2026-06-10T21:46:27.578Z', 'confirmed', 1781041587578);
INSERT INTO appointments (id, tenant_id, lead_id, professional_id, date_iso, status, created_at) VALUES ('a_demo3', 'clinica-elvira', 'l_demo22', 'pro_1', '2026-06-07T06:46:27.578Z', 'cancelled', 1780728387578);
INSERT INTO appointments (id, tenant_id, lead_id, professional_id, date_iso, status, created_at) VALUES ('a_demo4', 'clinica-elvira', 'l_demo25', 'pro_1', '2026-05-24T21:46:27.578Z', 'confirmed', 1779572787578);
INSERT INTO appointments (id, tenant_id, lead_id, professional_id, date_iso, status, created_at) VALUES ('a_demo5', 'clinica-elvira', 'l_demo19', 'pro_1', '2026-06-02T05:46:27.578Z', 'confirmed', 1780292787578);
INSERT INTO appointments (id, tenant_id, lead_id, professional_id, date_iso, status, created_at) VALUES ('a_demo6', 'clinica-elvira', 'l_demo13', 'pro_1', '2026-06-06T03:46:27.578Z', 'confirmed', 1780631187578);
INSERT INTO appointments (id, tenant_id, lead_id, professional_id, date_iso, status, created_at) VALUES ('a_demo7', 'clinica-elvira', 'l_demo17', 'pro_1', '2026-06-15T15:46:27.578Z', 'pending', 1781451987578);
INSERT INTO appointments (id, tenant_id, lead_id, professional_id, date_iso, status, created_at) VALUES ('a_demo8', 'clinica-elvira', 'l_demo0', 'pro_1', '2026-06-06T17:46:27.578Z', 'confirmed', 1780681587578);
INSERT INTO appointments (id, tenant_id, lead_id, professional_id, date_iso, status, created_at) VALUES ('a_demo9', 'clinica-elvira', 'l_demo17', 'pro_1', '2026-05-29T09:46:27.578Z', 'cancelled', 1779961587578);
INSERT INTO appointments (id, tenant_id, lead_id, professional_id, date_iso, status, created_at) VALUES ('a_demo10', 'clinica-elvira', 'l_demo21', 'pro_1', '2026-05-29T00:46:27.578Z', 'cancelled', 1779929187578);
INSERT INTO appointments (id, tenant_id, lead_id, professional_id, date_iso, status, created_at) VALUES ('a_demo11', 'clinica-elvira', 'l_demo28', 'pro_1', '2026-06-10T03:46:27.578Z', 'pending', 1780976787578);
INSERT INTO appointments (id, tenant_id, lead_id, professional_id, date_iso, status, created_at) VALUES ('a_demo12', 'clinica-elvira', 'l_demo25', 'pro_1', '2026-05-31T00:46:27.578Z', 'confirmed', 1780101987578);
INSERT INTO appointments (id, tenant_id, lead_id, professional_id, date_iso, status, created_at) VALUES ('a_demo13', 'clinica-elvira', 'l_demo10', 'pro_1', '2026-06-15T05:46:27.578Z', 'confirmed', 1781415987578);
INSERT INTO appointments (id, tenant_id, lead_id, professional_id, date_iso, status, created_at) VALUES ('a_demo14', 'clinica-elvira', 'l_demo1', 'pro_1', '2026-06-01T19:46:27.578Z', 'confirmed', 1780256787578);
INSERT INTO appointments (id, tenant_id, lead_id, professional_id, date_iso, status, created_at) VALUES ('a_demo15', 'clinica-elvira', 'l_demo5', 'pro_1', '2026-06-10T11:46:27.578Z', 'pending', 1781005587578);
INSERT INTO appointments (id, tenant_id, lead_id, professional_id, date_iso, status, created_at) VALUES ('a_demo16', 'clinica-elvira', 'l_demo16', 'pro_1', '2026-05-28T19:46:27.578Z', 'confirmed', 1779911187578);
INSERT INTO appointments (id, tenant_id, lead_id, professional_id, date_iso, status, created_at) VALUES ('a_demo17', 'clinica-elvira', 'l_demo15', 'pro_1', '2026-06-14T08:46:27.578Z', 'confirmed', 1781340387578);
INSERT INTO appointments (id, tenant_id, lead_id, professional_id, date_iso, status, created_at) VALUES ('a_demo18', 'clinica-elvira', 'l_demo24', 'pro_1', '2026-06-02T15:46:27.578Z', 'confirmed', 1780328787578);
INSERT INTO appointments (id, tenant_id, lead_id, professional_id, date_iso, status, created_at) VALUES ('a_demo19', 'clinica-elvira', 'l_demo15', 'pro_1', '2026-06-11T14:46:27.578Z', 'confirmed', 1781102787578);
INSERT INTO appointments (id, tenant_id, lead_id, professional_id, date_iso, status, created_at) VALUES ('a_demo20', 'clinica-elvira', 'l_demo28', 'pro_1', '2026-06-17T14:46:27.578Z', 'pending', 1781621187578);
INSERT INTO appointments (id, tenant_id, lead_id, professional_id, date_iso, status, created_at) VALUES ('a_demo21', 'clinica-elvira', 'l_demo10', 'pro_1', '2026-06-14T04:46:27.578Z', 'pending', 1781325987578);
INSERT INTO appointments (id, tenant_id, lead_id, professional_id, date_iso, status, created_at) VALUES ('a_demo22', 'clinica-elvira', 'l_demo14', 'pro_1', '2026-06-04T17:46:27.578Z', 'confirmed', 1780508787578);
INSERT INTO appointments (id, tenant_id, lead_id, professional_id, date_iso, status, created_at) VALUES ('a_demo23', 'clinica-elvira', 'l_demo11', 'pro_1', '2026-06-02T15:46:27.578Z', 'confirmed', 1780328787578);
INSERT INTO appointments (id, tenant_id, lead_id, professional_id, date_iso, status, created_at) VALUES ('a_demo24', 'clinica-elvira', 'l_demo12', 'pro_1', '2026-06-13T09:46:27.578Z', 'confirmed', 1781257587578);
INSERT INTO treatments_log (id, tenant_id, lead_id, name, amount, method, cost, created_at) VALUES ('t_demo0', 'clinica-elvira', 'l_demo26', 'Láser', 91, 'tarjeta', 13, 1780674387578);
INSERT INTO treatments_log (id, tenant_id, lead_id, name, amount, method, cost, created_at) VALUES ('t_demo1', 'clinica-elvira', 'l_demo21', 'Mesoterapia', 396, 'efectivo', 59, 1779896787578);
INSERT INTO treatments_log (id, tenant_id, lead_id, name, amount, method, cost, created_at) VALUES ('t_demo2', 'clinica-elvira', 'l_demo22', 'Mesoterapia', 269, 'tarjeta', 40, 1780915587578);
INSERT INTO treatments_log (id, tenant_id, lead_id, name, amount, method, cost, created_at) VALUES ('t_demo3', 'clinica-elvira', 'l_demo6', 'Peeling', 196, 'bizum', 29, 1780073187578);
INSERT INTO treatments_log (id, tenant_id, lead_id, name, amount, method, cost, created_at) VALUES ('t_demo4', 'clinica-elvira', 'l_demo17', 'Limpieza facial', 234, 'transferencia', 35, 1778665587578);
INSERT INTO treatments_log (id, tenant_id, lead_id, name, amount, method, cost, created_at) VALUES ('t_demo5', 'clinica-elvira', 'l_demo5', 'Mesoterapia', 404, 'tarjeta', 60, 1779623187578);
INSERT INTO treatments_log (id, tenant_id, lead_id, name, amount, method, cost, created_at) VALUES ('t_demo6', 'clinica-elvira', 'l_demo18', 'Limpieza facial', 59, 'efectivo', 8, 1779295587578);
INSERT INTO treatments_log (id, tenant_id, lead_id, name, amount, method, cost, created_at) VALUES ('t_demo7', 'clinica-elvira', 'l_demo26', 'Botox', 88, 'tarjeta', 13, 1780919187578);
INSERT INTO treatments_log (id, tenant_id, lead_id, name, amount, method, cost, created_at) VALUES ('t_demo8', 'clinica-elvira', 'l_demo19', 'Botox', 208, 'bizum', 31, 1779212787578);
INSERT INTO treatments_log (id, tenant_id, lead_id, name, amount, method, cost, created_at) VALUES ('t_demo9', 'clinica-elvira', 'l_demo16', 'Láser', 226, 'tarjeta', 33, 1780908387578);
INSERT INTO treatments_log (id, tenant_id, lead_id, name, amount, method, cost, created_at) VALUES ('t_demo10', 'clinica-elvira', 'l_demo4', 'Aumento de labios', 380, 'bizum', 57, 1780548387578);
INSERT INTO treatments_log (id, tenant_id, lead_id, name, amount, method, cost, created_at) VALUES ('t_demo11', 'clinica-elvira', 'l_demo16', 'Peeling', 56, 'tarjeta', 8, 1780922787578);
INSERT INTO treatments_log (id, tenant_id, lead_id, name, amount, method, cost, created_at) VALUES ('t_demo12', 'clinica-elvira', 'l_demo18', 'Hilos tensores', 387, 'transferencia', 58, 1780919187578);
INSERT INTO treatments_log (id, tenant_id, lead_id, name, amount, method, cost, created_at) VALUES ('t_demo13', 'clinica-elvira', 'l_demo0', 'Limpieza facial', 185, 'efectivo', 27, 1780897587578);
INSERT INTO treatments_log (id, tenant_id, lead_id, name, amount, method, cost, created_at) VALUES ('t_demo14', 'clinica-elvira', 'l_demo22', 'Peeling', 494, 'transferencia', 74, 1780926387578);
INSERT INTO treatments_log (id, tenant_id, lead_id, name, amount, method, cost, created_at) VALUES ('t_demo15', 'clinica-elvira', 'l_demo26', 'Hilos tensores', 480, 'efectivo', 72, 1780901187578);
INSERT INTO treatments_log (id, tenant_id, lead_id, name, amount, method, cost, created_at) VALUES ('t_demo16', 'clinica-elvira', 'l_demo8', 'Peeling', 151, 'transferencia', 22, 1780919187578);
INSERT INTO treatments_log (id, tenant_id, lead_id, name, amount, method, cost, created_at) VALUES ('t_demo17', 'clinica-elvira', 'l_demo7', 'Limpieza facial', 372, 'tarjeta', 55, 1780911987578);
INSERT INTO treatments_log (id, tenant_id, lead_id, name, amount, method, cost, created_at) VALUES ('t_demo18', 'clinica-elvira', 'l_demo7', 'Botox', 393, 'tarjeta', 58, 1780915587578);
INSERT INTO treatments_log (id, tenant_id, lead_id, name, amount, method, cost, created_at) VALUES ('t_demo19', 'clinica-elvira', 'l_demo25', 'Botox', 305, 'tarjeta', 45, 1780735587578);
INSERT INTO consents_signed (id, tenant_id, lead_id, template_id, title, status, signer_name, signer_dni, signed_at, created_at) VALUES ('cs_demo0', 'clinica-elvira', 'l_demo19', 'def_3', 'Consentimiento Peeling', 'signed', 'Demo Sonia Martínez', '93521684Z', '2026-05-07T20:46:27.578Z', 1778100387578);
INSERT INTO consents_signed (id, tenant_id, lead_id, template_id, title, status, signer_name, signer_dni, signed_at, created_at) VALUES ('cs_demo1', 'clinica-elvira', 'l_demo7', 'def_4', 'Consentimiento Aumento de labios', 'signed', 'Demo Julia González', '83873852Z', '2026-05-31T16:46:27.578Z', 1780159587578);
INSERT INTO consents_signed (id, tenant_id, lead_id, template_id, title, status, signer_name, signer_dni, signed_at, created_at) VALUES ('cs_demo2', 'clinica-elvira', 'l_demo11', 'def_2', 'Consentimiento Peeling', 'pending', null, null, null, 1776260787578);
INSERT INTO consents_signed (id, tenant_id, lead_id, template_id, title, status, signer_name, signer_dni, signed_at, created_at) VALUES ('cs_demo3', 'clinica-elvira', 'l_demo4', 'def_1', 'Consentimiento Botox', 'signed', 'Demo Patricia Álvarez', '54371662Z', '2026-05-31T10:46:27.578Z', 1780137987578);
INSERT INTO consents_signed (id, tenant_id, lead_id, template_id, title, status, signer_name, signer_dni, signed_at, created_at) VALUES ('cs_demo4', 'clinica-elvira', 'l_demo6', 'def_2', 'Consentimiento Limpieza facial', 'pending', null, null, null, 1777517187578);
INSERT INTO consents_signed (id, tenant_id, lead_id, template_id, title, status, signer_name, signer_dni, signed_at, created_at) VALUES ('cs_demo5', 'clinica-elvira', 'l_demo23', 'def_0', 'Consentimiento Mesoterapia', 'pending', null, null, null, 1779907587578);
INSERT INTO consents_signed (id, tenant_id, lead_id, template_id, title, status, signer_name, signer_dni, signed_at, created_at) VALUES ('cs_demo6', 'clinica-elvira', 'l_demo17', 'def_0', 'Consentimiento Limpieza facial', 'signed', 'Demo Laura Gutiérrez', '14915555Z', '2026-06-01T22:46:27.578Z', 1780267587578);
INSERT INTO consents_signed (id, tenant_id, lead_id, template_id, title, status, signer_name, signer_dni, signed_at, created_at) VALUES ('cs_demo7', 'clinica-elvira', 'l_demo17', 'def_4', 'Consentimiento Botox', 'signed', 'Demo Laura Gutiérrez', '72205754Z', '2026-06-01T22:46:27.578Z', 1780267587578);
INSERT INTO consents_signed (id, tenant_id, lead_id, template_id, title, status, signer_name, signer_dni, signed_at, created_at) VALUES ('cs_demo8', 'clinica-elvira', 'l_demo5', 'def_0', 'Consentimiento Botox', 'pending', null, null, null, 1778701587578);
INSERT INTO consents_signed (id, tenant_id, lead_id, template_id, title, status, signer_name, signer_dni, signed_at, created_at) VALUES ('cs_demo9', 'clinica-elvira', 'l_demo18', 'def_2', 'Consentimiento Mesoterapia', 'pending', null, null, null, 1778114787578);
INSERT INTO consents_signed (id, tenant_id, lead_id, template_id, title, status, signer_name, signer_dni, signed_at, created_at) VALUES ('cs_demo10', 'clinica-elvira', 'l_demo13', 'def_1', 'Consentimiento Botox', 'signed', 'Demo Raquel Martín', '69282464Z', '2026-04-18T22:46:27.578Z', 1776465987578);
INSERT INTO consents_signed (id, tenant_id, lead_id, template_id, title, status, signer_name, signer_dni, signed_at, created_at) VALUES ('cs_demo11', 'clinica-elvira', 'l_demo12', 'def_1', 'Consentimiento Limpieza facial', 'signed', 'Demo Cristina Moreno', '46078189Z', '2026-05-08T20:46:27.578Z', 1778186787578);
INSERT INTO consents_signed (id, tenant_id, lead_id, template_id, title, status, signer_name, signer_dni, signed_at, created_at) VALUES ('cs_demo12', 'clinica-elvira', 'l_demo19', 'def_4', 'Consentimiento Peeling', 'pending', null, null, null, 1778100387578);
INSERT INTO consents_signed (id, tenant_id, lead_id, template_id, title, status, signer_name, signer_dni, signed_at, created_at) VALUES ('cs_demo13', 'clinica-elvira', 'l_demo25', 'def_3', 'Consentimiento Rinomodelación', 'signed', 'Demo Nuria Sánchez', '38942870Z', '2026-05-26T14:46:27.578Z', 1779720387578);
INSERT INTO consents_signed (id, tenant_id, lead_id, template_id, title, status, signer_name, signer_dni, signed_at, created_at) VALUES ('cs_demo14', 'clinica-elvira', 'l_demo15', 'def_1', 'Consentimiento Hilos tensores', 'signed', 'Demo Nuria López', '45150088Z', '2026-04-23T16:46:27.578Z', 1776876387578);
